time,open,high,low,close,Conversion Line,Base Line,Lagging Span,Leading Span A,Leading Span B,Developing Poc,Developing VA High,Developing VA Low,Volume,Volume MA,RSI
1639958400,2813.33052,2839.99716,2766.6639,2783.33055,NaN,NaN,NaN,NaN,NaN,NaN,NaN,NaN,14466914,18761598.3,57.38109521423461
1640044800,2833.3305,2859.99714,2806.66386,2849.99715,NaN,NaN,NaN,NaN,NaN,NaN,NaN,NaN,15385515,18666408.2,60.927794548091214
1640131200,2866.6638,2873.33046,2786.66388,2849.99715,NaN,NaN,NaN,NaN,NaN,NaN,NaN,NaN,16651816,18940353.45,60.927794548091214
1640217600,2869.99713,2933.3304,2853.33048,2929.99707,NaN,NaN,NaN,NaN,NaN,NaN,NaN,NaN,22021222,19590769.1,64.98332449530129
1640304000,2933.3304,2963.33037,2886.66378,2923.33041,NaN,NaN,NaN,NaN,NaN,NaN,NaN,NaN,17627417,19783369.3,64.38359097952832
1640563200,2946.66372,2963.33037,2896.66377,2909.99709,NaN,NaN,NaN,NaN,NaN,NaN,NaN,NaN,13959613,19492924,63.12872288708192
1640649600,2916.66375,2919.99708,2849.99715,2899.9971,NaN,NaN,NaN,NaN,NaN,NaN,NaN,NaN,14480714,19377888.9,62.15033226241725
1640736000,2906.66376,2939.99706,2896.66377,2923.33041,NaN,NaN,NaN,NaN,NaN,NaN,NaN,NaN,13442413,19285023.8,63.56911680293176
1640822400,2929.99707,2943.33039,2899.9971,2919.99708,NaN,NaN,NaN,NaN,NaN,NaN,NaN,NaN,10527910,18480768,63.204623237088214
1641254400,2943.33039,3046.66362,2939.99706,3046.66362,NaN,NaN,NaN,NaN,NaN,NaN,NaN,NaN,25912825,18259217.75,70.19761464703187
1641340800,3073.33026,3149.99685,3033.3303,3066.6636,NaN,NaN,NaN,NaN,NaN,NaN,NaN,NaN,27087027,18282497.8,71.13056880563644
1641427200,3049.99695,3113.33022,3033.3303,3049.99695,NaN,NaN,NaN,NaN,NaN,NaN,NaN,NaN,17653517,18061967.55,69.18683764604312
1641513600,3099.9969,3113.33022,3046.66362,3109.99689,NaN,NaN,NaN,NaN,NaN,NaN,NaN,NaN,16549516,17289106.75,72.13853021856656
1641859200,3133.3302,3133.3302,3056.66361,3096.66357,NaN,NaN,NaN,NaN,NaN,NaN,NaN,NaN,17805317,17525716.95,70.52182601056663
1641945600,3116.66355,3243.33009,3086.66358,3233.3301,NaN,NaN,NaN,NaN,NaN,NaN,NaN,NaN,24747624,18227402.65,76.36800614596667
1642032000,3229.99677,3273.33006,3206.66346,3229.99677,NaN,NaN,NaN,NaN,NaN,NaN,NaN,NaN,18059118,18518087.95,75.97225021543028
1642118400,3223.33011,3263.33007,3193.33014,3256.66341,NaN,NaN,NaN,NaN,NaN,NaN,NaN,NaN,17109317,18824628.3,76.99916465155451
1642377600,3283.33005,3293.33004,3219.99678,3233.3301,NaN,NaN,NaN,NaN,NaN,NaN,NaN,NaN,15009615,18546678.05,74.01822910999373
1642464000,3233.3301,3259.99674,3179.99682,3213.33012,NaN,NaN,NaN,NaN,NaN,NaN,NaN,NaN,17388017,18023657.55,71.46438646430184
1642550400,3153.33018,3179.99682,2886.66378,2913.33042,NaN,NaN,NaN,NaN,NaN,NaN,NaN,NaN,35515235,18570033.1,45.88832781969058
1642636800,2879.99712,2946.66372,2726.66394,2849.99715,NaN,NaN,NaN,NaN,NaN,NaN,NaN,NaN,35043935,19598884.15,42.435543187342184
1642723200,2723.33061,2796.66387,2656.66401,2789.99721,NaN,NaN,NaN,NaN,NaN,NaN,NaN,NaN,31514431,20405329.95,39.41016870600336
1642982400,2729.99727,2899.9971,2723.33061,2886.66378,NaN,NaN,NaN,NaN,NaN,NaN,NaN,NaN,28354828,20990480.55,46.079925983386566
1643068800,2886.66378,2906.66376,2689.99731,2716.66395,NaN,NaN,NaN,NaN,NaN,NaN,NaN,NaN,31562731,21467556,38.13044126122542
1643155200,2766.6639,2796.66387,2709.99729,2749.99725,NaN,NaN,NaN,NaN,NaN,NaN,NaN,NaN,20133020,21592836.15,40.30504119420679
1643241600,2793.33054,2829.99717,2659.99734,2669.99733,NaN,NaN,NaN,NaN,NaN,NaN,NaN,NaN,28411228,22315416.9,36.948477984798764
1643328000,2729.99727,2773.33056,2666.664,2766.6639,NaN,NaN,NaN,NaN,NaN,NaN,NaN,NaN,22710322,22726897.3,43.11326284308047
1643587200,2789.99721,2989.99701,2743.33059,2966.6637,NaN,NaN,NaN,NaN,NaN,NaN,NaN,NaN,33400833,23724818.3,53.289261092925166
1643673600,3066.6636,3156.66351,3033.3303,3079.99692,NaN,NaN,NaN,NaN,NaN,NaN,NaN,NaN,36427836,25019814.6,57.88652492787243
1643760000,3093.33024,3106.66356,3023.33031,3079.99692,NaN,NaN,NaN,NaN,NaN,NaN,NaN,NaN,20825120,24765429.35,57.88652492787243
1643846400,3056.66361,3159.99684,2933.3304,3076.66359,NaN,NaN,NaN,NaN,NaN,NaN,NaN,NaN,74238074,27122981.7,57.692840341038846
1643932800,3063.33027,3279.99672,3059.99694,3266.6634,NaN,NaN,NaN,NaN,NaN,NaN,NaN,NaN,65168465,29498729.1,64.90165363305164
1644192000,3276.66339,3289.99671,3079.99692,3093.33024,NaN,NaN,NaN,NaN,NaN,NaN,NaN,NaN,48012648,31071885.7,55.59490339126424
1644278400,3126.66354,3206.66346,3069.99693,3206.66346,NaN,NaN,NaN,NaN,NaN,NaN,NaN,NaN,30295530,31696396.35,59.66738331973032
1644364800,3233.3301,3249.99675,3176.66349,3226.66344,NaN,NaN,NaN,NaN,NaN,NaN,NaN,NaN,23199923,31619011.3,60.358315234558525
1644451200,3256.66341,3279.99672,3219.99678,3253.33008,NaN,NaN,NaN,NaN,NaN,NaN,NaN,NaN,20843120,31758211.4,61.310016868890955
1644796800,3166.6635,3263.33007,3136.66353,3253.33008,NaN,NaN,NaN,NaN,NaN,NaN,NaN,NaN,23980223,32101756.7,61.310016868890955
1644883200,3236.66343,3279.99672,3199.9968,3219.99678,NaN,NaN,NaN,NaN,NaN,NaN,NaN,NaN,21982821,32450417,59.247956080089345
1644969600,3269.99673,3326.66334,3249.99675,3309.99669,NaN,NaN,NaN,NaN,NaN,NaN,NaN,NaN,26879126,32924972.45,62.878289056132644
1645056000,3326.66334,3416.66325,3309.99669,3333.33,NaN,NaN,NaN,NaN,NaN,NaN,NaN,NaN,37846837,33041552.55,63.77918421192014
1645142400,3299.9967,3446.66322,3289.99671,3426.66324,NaN,NaN,NaN,NaN,NaN,NaN,NaN,NaN,33719133,32975312.45,67.2073902992758
1645401600,3379.99662,3416.66325,3323.33001,3396.66327,NaN,NaN,NaN,NaN,NaN,NaN,NaN,NaN,33844833,33091832.55,65.07535494881436
1645488000,3326.66334,3393.32994,3236.66343,3259.99674,NaN,NaN,NaN,NaN,NaN,NaN,NaN,NaN,39858039,33666993.1,56.311407185574495
1645660800,3223.33011,3323.33001,3219.99678,3266.6634,NaN,NaN,NaN,NaN,NaN,NaN,NaN,NaN,35161835,33846948.3,56.61832379059485
1645747200,3343.32999,3413.32992,3333.33,3399.9966,NaN,NaN,NaN,NaN,NaN,NaN,NaN,NaN,32240132,34452303.9,62.31971893682974
1646006400,3443.32989,3559.99644,3379.99662,3556.66311,NaN,NaN,NaN,NaN,NaN,NaN,NaN,NaN,39838839,35023684.45,67.69251667823796
1646092800,3653.32968,3706.66296,3613.32972,3636.66303,NaN,NaN,NaN,NaN,NaN,NaN,NaN,NaN,34497334,35613035.05,70.04162316807623
1646179200,3653.32968,3743.32959,3629.99637,3699.9963,NaN,NaN,NaN,NaN,NaN,NaN,NaN,NaN,31101031,35498044.95,71.79035888204919
1646265600,3759.99624,3923.32941,3739.99626,3909.99609,NaN,NaN,NaN,NaN,NaN,NaN,NaN,NaN,42560142,35804660.25,76.65611805884458
1646352000,3966.6627,4053.32928,3779.99622,3966.6627,NaN,NaN,NaN,NaN,NaN,NaN,NaN,NaN,64595464,37993177.45,77.77035763601725
1646611200,4066.6626,4116.66255,3883.32945,4003.32933,NaN,NaN,NaN,NaN,NaN,NaN,NaN,NaN,46951546,36628851.05,78.4859347316571
1646697600,3933.3294,3963.32937,3726.66294,3739.99626,NaN,NaN,NaN,NaN,NaN,NaN,NaN,NaN,45282345,35634545.05,62.84064301677149
1646784000,3639.99636,3809.99619,3519.99648,3673.32966,NaN,NaN,NaN,NaN,NaN,NaN,NaN,NaN,42315642,35349694.75,59.601454130657295
1646870400,3793.32954,3923.32941,3733.3296,3916.66275,NaN,NaN,NaN,NaN,NaN,NaN,NaN,NaN,32545832,35462209.85,66.40776916963911
1646956800,3916.66275,3999.996,3846.66282,3936.66273,NaN,NaN,NaN,NaN,NaN,NaN,NaN,NaN,31194931,35861960.25,66.90136274792911
1647216000,3999.996,4039.99596,3953.32938,3999.996,NaN,NaN,NaN,NaN,NaN,NaN,NaN,NaN,28940428,36266825.65,68.48076709231287
1647302400,3973.32936,4026.66264,3873.32946,3936.66273,NaN,NaN,NaN,NaN,NaN,NaN,NaN,NaN,29929829,36564305.95,65.13363234141863
1647388800,3966.6627,4029.99597,3919.99608,4003.32933,NaN,NaN,NaN,NaN,NaN,NaN,NaN,NaN,28403428,36885336.3,66.96405903167584
1647475200,4049.99595,4056.66261,3979.99602,4043.32929,NaN,NaN,NaN,NaN,NaN,NaN,NaN,NaN,30699930,37076376.5,68.0479372012923
1647561600,4016.66265,4163.32917,4009.99599,4133.3292,NaN,NaN,NaN,NaN,NaN,NaN,NaN,NaN,39163839,37142226.6,70.40102263742037
1647907200,4156.66251,4156.66251,4013.32932,4056.66261,NaN,NaN,NaN,NaN,NaN,NaN,NaN,NaN,32589332,37085736.55,65.94574926660178
1647993600,4033.3293,4083.32925,3899.9961,3936.66273,NaN,NaN,NaN,NaN,NaN,NaN,NaN,NaN,32604932,37023741.5,59.58918842676893
1648080000,3846.66282,3906.66276,3599.9964,3649.99635,NaN,NaN,NaN,NaN,NaN,NaN,NaN,NaN,50853950,37573537.05,47.74852589915533
1648166400,3589.99641,3723.32961,3466.6632,3689.99631,NaN,NaN,NaN,NaN,NaN,NaN,NaN,NaN,52792552,38455072.9,49.263470555673344
1648425600,3619.99638,3689.99631,3499.9965,3619.99638,NaN,NaN,NaN,NaN,NaN,NaN,NaN,NaN,38900738,38788103.2,46.71111492752193
1648512000,3636.66303,3743.32959,3613.32972,3703.32963,NaN,NaN,NaN,NaN,NaN,NaN,NaN,NaN,43774243,38984873.4,50.0302774435354
1648598400,3219.99678,3403.32993,3166.6635,3386.66328,NaN,NaN,NaN,NaN,NaN,NaN,NaN,NaN,68060168,40663015.1,39.86811998217386
1648684800,3366.6633,3613.32972,3359.99664,3586.66308,NaN,NaN,NaN,NaN,NaN,NaN,NaN,NaN,44839544,41349940.75,47.167212406876615
1648771200,3546.66312,3546.66312,3303.33003,3339.99666,NaN,NaN,NaN,NaN,NaN,NaN,NaN,NaN,46370746,41540470.95,40.61853640643517
1649030400,3249.99675,3439.99656,3246.66342,3433.3299,NaN,NaN,NaN,NaN,NaN,NaN,NaN,NaN,29072129,39764304.2,43.798153848208884
1649116800,3363.32997,3419.99658,3316.66335,3333.33,NaN,NaN,NaN,NaN,NaN,NaN,NaN,NaN,24581724,38645813.1,41.24961211952033
1649203200,3286.66338,3303.33003,3146.66352,3159.99684,NaN,NaN,NaN,NaN,NaN,NaN,NaN,NaN,34157734,38089582.55,37.20813085131834
1649289600,3046.66362,3143.33019,3019.99698,3079.99692,NaN,NaN,NaN,NaN,NaN,NaN,NaN,NaN,33515133,37649557.1,35.480302497890875
1649376000,3109.99689,3149.99685,3049.99695,3053.33028,NaN,NaN,NaN,NaN,NaN,NaN,NaN,NaN,23040023,37174266.65,34.898556195966236
1649635200,3063.33027,3129.99687,3023.33031,3076.66359,NaN,NaN,NaN,NaN,NaN,NaN,NaN,NaN,17719517,36500495.95,35.88909380435739
1649721600,3039.99696,3046.66362,2889.99711,2899.9971,NaN,NaN,NaN,NaN,NaN,NaN,NaN,NaN,27741027,36440525.9,31.928004467027776
1649808000,2929.99707,3046.66362,2929.99707,3039.99696,NaN,NaN,NaN,NaN,NaN,NaN,NaN,NaN,24790224,36183545.65,37.78784126279505
1649894400,3033.3303,3133.3302,3003.33033,3119.99688,NaN,NaN,NaN,NaN,NaN,NaN,NaN,NaN,21453621,35836055.3,40.91767488173867
1649980800,3073.33026,3163.33017,3066.6636,3126.66354,NaN,NaN,NaN,NaN,NaN,NaN,NaN,NaN,15291615,35065639.55,41.183227511396176
1650240000,3129.99687,3199.9968,3086.66358,3193.33014,NaN,NaN,NaN,NaN,NaN,NaN,NaN,NaN,18020418,34008468.5,43.89873118845782
1650326400,3209.99679,3333.33,3163.33017,3303.33003,NaN,NaN,NaN,NaN,NaN,NaN,NaN,NaN,24529224,33605463.1,48.15224447819249
1650412800,3333.33,3346.66332,3266.6634,3296.66337,NaN,NaN,NaN,NaN,NaN,NaN,NaN,NaN,21340821,33042257.55,47.915135189614716
1650499200,3299.9967,3346.66332,3276.66339,3336.66333,NaN,NaN,NaN,NaN,NaN,NaN,NaN,NaN,19935919,31496356,49.52124989617615
1650585600,3299.9967,3333.33,3219.99678,3249.99675,NaN,NaN,NaN,NaN,NaN,NaN,NaN,NaN,19099819,29811719.35,46.19727195420581
1650844800,3149.99685,3213.33012,3133.3302,3146.66352,NaN,NaN,NaN,NaN,NaN,NaN,NaN,NaN,16195816,28676473.25,42.53161795979608
1650931200,3179.99682,3203.33013,3069.99693,3103.33023,NaN,NaN,NaN,NaN,NaN,NaN,NaN,NaN,16500616,27312791.9,41.060244194115455
1651017600,3066.6636,3283.33005,3039.99696,3273.33006,NaN,NaN,NaN,NaN,NaN,NaN,NaN,NaN,30124230,25415995,48.57623864838549
1651104000,3266.6634,3296.66337,3056.66361,3153.33018,NaN,NaN,NaN,NaN,NaN,NaN,NaN,NaN,36038136,24975924.6,44.28347641902236
1651449600,3183.33015,3286.66338,3173.33016,3263.33007,NaN,NaN,NaN,NaN,NaN,NaN,NaN,NaN,22320322,23773403.4,48.75410088370377
1651795200,3313.33002,3326.66334,3239.99676,3269.99673,NaN,NaN,NaN,NaN,NaN,NaN,NaN,NaN,21483321,23393963,49.02107893472557
1652054400,3269.99673,3329.99667,3183.33015,3239.99676,NaN,NaN,NaN,NaN,NaN,NaN,NaN,NaN,33569433,23843348.45,47.81391041443526
1652140800,3196.66347,3206.66346,3046.66362,3089.99691,NaN,NaN,NaN,NaN,NaN,NaN,NaN,NaN,34762534,23873588.45,42.21610400758729
1652227200,3119.99688,3283.33005,3089.99691,3256.66341,NaN,NaN,NaN,NaN,NaN,NaN,NaN,NaN,29046029,23650133.25,49.316353916346415
1652313600,3236.66343,3266.6634,3186.66348,3206.66346,NaN,NaN,NaN,NaN,NaN,NaN,NaN,NaN,20929220,23544593.1,47.43332778276629
1652400000,3219.99678,3263.33007,3156.66351,3233.3301,NaN,NaN,NaN,NaN,NaN,NaN,NaN,NaN,15354315,23426333,48.56140262996957
1652659200,3269.99673,3309.99669,3219.99678,3236.66343,NaN,NaN,NaN,NaN,NaN,NaN,NaN,NaN,19740619,23026312.6,48.70957200559517
1652745600,3276.66339,3383.32995,3259.99674,3356.66331,NaN,NaN,NaN,NaN,NaN,NaN,NaN,NaN,25209325,23047267.65,53.86203575947584
1652832000,3386.66328,3409.99659,3326.66334,3376.66329,NaN,NaN,NaN,NaN,NaN,NaN,NaN,NaN,20880920,23018632.6,54.6792004975403
1652918400,3246.66342,3293.33004,3159.99684,3209.99679,NaN,NaN,NaN,NaN,NaN,NaN,NaN,NaN,33147033,23911403.5,47.18003577821752
1653004800,3249.99675,3346.66332,3233.3301,3329.99667,NaN,NaN,NaN,NaN,NaN,NaN,NaN,NaN,26471126,24333938.9,52.25714285197532
1653264000,3376.66329,3416.66325,3353.32998,3413.32992,NaN,NaN,NaN,NaN,NaN,NaN,NaN,NaN,22125922,24213773.8,55.45898915033645
1653350400,3433.3299,3509.99649,3403.32993,3456.66321,NaN,NaN,NaN,NaN,NaN,NaN,NaN,NaN,25661725,24429819,57.07122508405359
1653436800,3493.32984,3559.99644,3443.32989,3546.66312,NaN,NaN,NaN,NaN,NaN,NaN,NaN,NaN,20455220,24455784.05,60.286456673943384
1653523200,3533.3298,3589.99641,3486.66318,3543.32979,NaN,NaN,NaN,NaN,NaN,NaN,NaN,NaN,21050721,24553329.15,60.106896923913574
1653609600,3699.9963,3839.99616,3676.66299,3769.99623,NaN,NaN,NaN,NaN,NaN,NaN,NaN,NaN,48388548,26162965.75,67.25009744042599
1653868800,3833.3295,3836.66283,3589.99641,3643.32969,NaN,NaN,NaN,NaN,NaN,NaN,NaN,NaN,41110841,27393477,60.70822699898503
1653955200,3629.99637,3679.99632,3559.99644,3566.6631,NaN,NaN,NaN,NaN,NaN,NaN,NaN,NaN,25434625,27158996.75,57.088415675180975
1654041600,3586.66308,3669.99633,3563.32977,3626.66304,NaN,NaN,NaN,NaN,NaN,NaN,NaN,NaN,21512421,26432711,59.14169522199717
1654128000,3649.99635,3673.32966,3553.32978,3589.99641,NaN,NaN,NaN,NaN,NaN,NaN,NaN,NaN,16820716,26157730.7,57.33615583394571
1654214400,3616.66305,3626.66304,3539.99646,3613.32972,NaN,NaN,NaN,NaN,NaN,NaN,NaN,NaN,15254715,25846300.4,58.210476326056494
1654473600,3616.66305,3659.99634,3563.32977,3563.32977,NaN,NaN,NaN,NaN,NaN,NaN,NaN,NaN,12776412,24806649.35,55.58189207206223
1654560000,3566.6631,3593.32974,3519.99648,3583.32975,NaN,NaN,NaN,NaN,NaN,NaN,NaN,NaN,13580713,23747558.3,56.429429086631266
1654646400,3573.32976,3579.99642,3509.99649,3529.99647,NaN,NaN,NaN,NaN,NaN,NaN,NaN,NaN,15138015,23052157.6,53.497934800538
1654732800,3359.99664,3386.66328,3269.99673,3283.33005,NaN,NaN,NaN,NaN,NaN,NaN,NaN,NaN,35132735,23762333.35,42.50085285813353
1654819200,3233.3301,3306.66336,3189.99681,3269.99673,NaN,NaN,NaN,NaN,NaN,NaN,NaN,NaN,24948624,24242048.8,41.99829615425751
1655078400,3169.99683,3233.3301,3166.6635,3176.66349,NaN,NaN,NaN,NaN,NaN,NaN,NaN,NaN,16185616,24064298.65,38.56098921062028
1655164800,3129.99687,3233.3301,3069.99693,3219.99678,NaN,NaN,NaN,NaN,NaN,NaN,NaN,NaN,20583620,23833013.4,40.9763537340244
1655251200,3256.66341,3269.99673,3203.33013,3226.66344,NaN,NaN,NaN,NaN,NaN,NaN,NaN,NaN,11264411,23352187.95,41.35831230159714
1655337600,3249.99675,3263.33007,3176.66349,3186.66348,NaN,NaN,NaN,NaN,NaN,NaN,NaN,NaN,12073212,22298496.9,39.698348584514214
1655424000,3099.9969,3146.66352,3073.33026,3106.66356,NaN,NaN,NaN,NaN,NaN,NaN,NaN,NaN,16018516,21775866.4,36.539605391027905
1655683200,3103.33023,3123.33021,2999.997,3026.66364,NaN,NaN,NaN,NaN,NaN,NaN,NaN,NaN,17611817,21550161.15,33.65567443037109
1655769600,3083.33025,3143.33019,3056.66361,3119.99688,NaN,NaN,NaN,NaN,NaN,NaN,NaN,NaN,12078012,20870975.5,39.64108447004678
1655856000,3136.66353,3139.99686,3039.99696,3046.66362,NaN,NaN,NaN,NaN,NaN,NaN,NaN,NaN,11478611,20422145.05,36.82959536754808
1655942400,3036.66363,3066.6636,2933.3304,2986.66368,NaN,NaN,NaN,NaN,NaN,NaN,NaN,NaN,21674721,20453345.05,34.663405064972
1656028800,2983.33035,3049.99695,2949.99705,3046.66362,NaN,NaN,NaN,NaN,NaN,NaN,NaN,NaN,13522813,18710058.3,38.55536458758203
1656288000,3096.66357,3223.33011,3089.99691,3209.99679,NaN,NaN,NaN,NaN,NaN,NaN,NaN,NaN,18061518,17557592.15,47.6902431323786
1656374400,3219.99678,3266.6634,3179.99682,3216.66345,NaN,NaN,NaN,NaN,NaN,NaN,NaN,NaN,14137514,16992736.6,48.02986158454688
1656460800,3166.6635,3193.33014,3126.66354,3146.66352,NaN,NaN,NaN,NaN,NaN,NaN,NaN,NaN,13018813,16568056.2,44.74492955332276
1656547200,3159.99684,3183.33015,3083.33025,3089.99691,NaN,NaN,NaN,NaN,NaN,NaN,NaN,NaN,11799311,16316985.95,42.22713122543159
1656633600,3089.99691,3109.99689,3026.66364,3043.33029,NaN,NaN,NaN,NaN,NaN,NaN,NaN,NaN,12999312,16204215.8,40.21996826790875
1656892800,3026.66364,3079.99692,2986.66368,3079.99692,NaN,NaN,NaN,NaN,NaN,NaN,NaN,NaN,11028011,16116795.75,42.53134850133877
1656979200,3123.33021,3126.66354,3006.66366,3029.99697,NaN,NaN,NaN,NaN,NaN,NaN,NaN,NaN,12722412,16073880.7,40.24615536798302
1657065600,2993.33034,3066.6636,2959.99704,3063.33027,NaN,NaN,NaN,NaN,NaN,NaN,NaN,NaN,15681315,16101045.7,42.465553033771776
1657152000,3013.33032,3076.66359,2983.33035,3059.99694,NaN,NaN,NaN,NaN,NaN,NaN,NaN,NaN,15563715,15122594.7,42.29636990575515
1657238400,3109.99689,3189.99681,3073.33026,3113.33022,NaN,NaN,NaN,NaN,NaN,NaN,NaN,NaN,19525819,14851454.45,46.003122326562114
1657497600,3163.33017,3163.33017,3086.66358,3099.9969,NaN,NaN,NaN,NaN,NaN,NaN,NaN,NaN,9147909,14499569.1,45.22103431591649
1657584000,3119.99688,3139.99686,3063.33027,3083.33025,NaN,NaN,NaN,NaN,NaN,NaN,NaN,NaN,8566508,13898713.5,44.209276830198796
1657670400,3083.33025,3116.66355,3079.99692,3106.66356,NaN,NaN,NaN,NaN,NaN,NaN,NaN,NaN,6365706,13653778.25,46.029826239790495
1657756800,3116.66355,3179.99682,3093.33024,3169.99683,NaN,NaN,NaN,NaN,NaN,NaN,NaN,NaN,10423510,13571293.15,50.72949982046428
1657843200,3176.66349,3209.99679,3113.33022,3176.66349,NaN,NaN,NaN,NaN,NaN,NaN,NaN,NaN,9915009,13266117.8,51.211110259454955
1658188800,3209.99679,3293.33004,3209.99679,3286.66338,NaN,NaN,NaN,NaN,NaN,NaN,NaN,NaN,14985614,13134807.65,58.43123456465283
1658275200,3329.99667,3329.99667,3259.99674,3296.66337,NaN,NaN,NaN,NaN,NaN,NaN,NaN,NaN,13555213,13208667.7,59.02489190973038
1658361600,3296.66337,3339.99666,3279.99672,3319.99668,NaN,NaN,NaN,NaN,NaN,NaN,NaN,NaN,9995709,13134522.6,60.444400921931525
1658448000,3493.32984,3516.66315,3429.99657,3453.32988,NaN,NaN,NaN,NaN,NaN,NaN,NaN,NaN,30642330,13582903.05,67.39535153770724
1658707200,3453.32988,3466.6632,3406.66326,3439.99656,NaN,NaN,NaN,NaN,NaN,NaN,NaN,NaN,9804909,13397007.85,66.14362654738608
1658793600,3393.32994,3399.9966,3343.32999,3373.32996,NaN,NaN,NaN,NaN,NaN,NaN,NaN,NaN,11577311,13072797.5,60.130145804454436
1658880000,3379.99662,3426.66324,3379.99662,3419.99658,NaN,NaN,NaN,NaN,NaN,NaN,NaN,NaN,8566208,12794232.2,62.68741244114377
1658966400,3419.99658,3459.99654,3406.66326,3459.99654,NaN,NaN,NaN,NaN,NaN,NaN,NaN,NaN,8574308,12572006.95,64.77307476792645
1659052800,3483.32985,3519.99648,3423.32991,3466.6632,NaN,NaN,NaN,NaN,NaN,NaN,NaN,NaN,17355917,12849837.25,65.12298877134384
1659312000,3506.66316,3576.66309,3496.66317,3573.32976,NaN,NaN,NaN,NaN,NaN,NaN,NaN,NaN,15012615,12950502.4,70.22000355361067
1659398400,3583.32975,3596.66307,3539.99646,3583.32975,NaN,NaN,NaN,NaN,NaN,NaN,NaN,NaN,12565512,13027377.45,70.65301176251052
1659484800,3599.9964,3663.32967,3556.66311,3583.32975,NaN,NaN,NaN,NaN,NaN,NaN,NaN,NaN,30146730,13898593.35,70.65301176251052
1659571200,3599.9964,3673.32966,3556.66311,3646.66302,NaN,NaN,NaN,NaN,NaN,NaN,NaN,NaN,19068319,14067943.55,73.48484321208538
1659657600,3633.3297,3683.32965,3606.66306,3643.32969,NaN,NaN,NaN,NaN,NaN,NaN,NaN,NaN,15696615,14074588.55,73.08511584340218
1659916800,3643.32969,3643.32969,3563.32977,3589.99641,NaN,NaN,NaN,NaN,NaN,NaN,NaN,NaN,15323715,13864483.35,66.82200257979369
1660003200,3576.66309,3649.99635,3563.32977,3633.3297,NaN,NaN,NaN,NaN,NaN,NaN,NaN,NaN,11264411,13970308.45,69.13629106066253
1660089600,3636.66303,3649.99635,3586.66308,3619.99638,NaN,NaN,NaN,NaN,NaN,NaN,NaN,NaN,9201009,14002033.5,67.57439962731584
1660262400,3633.3297,3696.66297,3626.66304,3679.99632,NaN,NaN,NaN,NaN,NaN,NaN,NaN,NaN,15378615,14452678.95,70.77410361772473
1660521600,3643.32969,3646.66302,3536.66313,3586.66308,NaN,NaN,NaN,NaN,NaN,NaN,NaN,NaN,18420318,14852519.35,60.734284149732765
1660608000,3523.32981,3523.32981,3433.3299,3439.99656,NaN,NaN,NaN,NaN,NaN,NaN,NaN,NaN,21866121,15450074.95,48.97665026094965
1660694400,3459.99654,3549.99645,3456.66321,3549.99645,NaN,NaN,NaN,NaN,NaN,NaN,NaN,NaN,16300216,15515805.05,55.87598183839884
1660780800,3496.66317,3573.32976,3486.66318,3549.99645,NaN,NaN,NaN,NaN,NaN,NaN,NaN,NaN,11097311,15392909.95,55.87598183839885
1660867200,3576.66309,3609.99639,3563.32977,3573.32976,NaN,NaN,NaN,NaN,NaN,NaN,NaN,NaN,9870909,15386669.95,57.29652595138979
1661126400,3503.32983,3576.66309,3489.99651,3569.99643,NaN,NaN,NaN,NaN,NaN,NaN,NaN,NaN,10055410,14357323.95,57.01413624453839
1661212800,3593.32974,3653.32968,3586.66308,3606.66306,NaN,NaN,NaN,NaN,NaN,NaN,NaN,NaN,13219813,14528069.15,59.38540133089735
1661299200,3583.32975,3599.9964,3563.32977,3569.99643,NaN,NaN,NaN,NaN,NaN,NaN,NaN,NaN,9993609,14448884.05,56.05531183449932
1661385600,3573.32976,3599.9964,3543.32979,3599.9964,NaN,NaN,NaN,NaN,NaN,NaN,NaN,NaN,8049008,14423024.05,58.124367145813615
1661472000,3603.32973,3646.66302,3599.9964,3636.66303,NaN,NaN,NaN,NaN,NaN,NaN,NaN,NaN,11192411,14553929.2,60.568071117038805
1661731200,3549.99645,3606.66306,3549.99645,3563.32977,NaN,NaN,NaN,NaN,NaN,NaN,NaN,NaN,14610614,14416664.05,53.80526876167747
1661817600,3583.32975,3639.99636,3576.66309,3586.66308,NaN,NaN,NaN,NaN,NaN,NaN,NaN,NaN,12567912,14294428.9,55.50754246150834
1661904000,3566.6631,3573.32976,3509.99649,3563.32977,NaN,NaN,NaN,NaN,NaN,NaN,NaN,NaN,18839118,14608109.2,53.3888299504555
1661990400,3536.66313,3539.99646,3456.66321,3456.66321,NaN,NaN,NaN,NaN,NaN,NaN,NaN,NaN,20491520,14125348.7,44.943386692554654
1662076800,3456.66321,3506.66316,3423.32991,3426.66324,NaN,NaN,NaN,NaN,NaN,NaN,NaN,NaN,14574314,13900648.45,42.888489897630116
1662336000,3399.9966,3469.99653,3353.32998,3446.66322,NaN,NaN,NaN,NaN,NaN,NaN,NaN,NaN,16014316,13916533.5,44.70364664901283
1662422400,3449.99655,3473.32986,3379.99662,3409.99659,NaN,NaN,NaN,NaN,NaN,NaN,NaN,NaN,14513114,13876003.45,42.064106466168504
1662508800,3356.66331,3359.99664,3136.66353,3139.99686,NaN,NaN,NaN,NaN,NaN,NaN,NaN,NaN,46263646,15625965.2,28.649469420267963
1662595200,3189.99681,3259.99674,3143.33019,3246.66342,NaN,NaN,NaN,NaN,NaN,NaN,NaN,NaN,26642126,16498021.05,37.17375524324402
1662681600,3253.33008,3376.66329,3249.99675,3366.6633,NaN,NaN,NaN,NaN,NaN,NaN,NaN,NaN,24453024,16951741.5,45.11760557052479
1662940800,3376.66329,3416.66325,3299.9967,3333.33,NaN,NaN,NaN,NaN,NaN,NaN,NaN,NaN,15111015,16786276.35,43.47325544192886
1663027200,3336.66333,3416.66325,3333.33,3366.6633,NaN,NaN,NaN,NaN,NaN,NaN,NaN,NaN,14965814,16441261,45.60810429366646
1663113600,3266.6634,3376.66329,3266.6634,3363.32997,NaN,NaN,NaN,NaN,NaN,NaN,NaN,NaN,15821115,16417305.95,45.423357430789885
1663200000,3349.99665,3369.99663,3326.66334,3346.66332,NaN,NaN,NaN,NaN,NaN,NaN,NaN,NaN,9921009,16358490.85,44.45374517835179
1663286400,3283.33005,3293.33004,3239.99676,3263.33007,NaN,NaN,NaN,NaN,NaN,NaN,NaN,NaN,16137316,16671811.2,39.87095296167089
1663632000,3199.9968,3233.3301,3133.3302,3199.9968,NaN,NaN,NaN,NaN,NaN,NaN,NaN,NaN,23614223,17349751.85,36.768560646371554
1663718400,3196.66347,3253.33008,3173.33016,3243.33009,NaN,NaN,NaN,NaN,NaN,NaN,NaN,NaN,15194115,17448466.95,40.19730638286509
1663804800,3193.33014,3219.99678,3169.99683,3203.33013,NaN,NaN,NaN,NaN,NaN,NaN,NaN,NaN,14376614,17667617.2,38.14131876481511
1664150400,3163.33017,3179.99682,3106.66356,3119.99688,NaN,NaN,NaN,NaN,NaN,NaN,NaN,NaN,20763920,18303362.8,34.215016402399854
1664236800,3163.33017,3189.99681,3063.33027,3089.99691,NaN,NaN,NaN,NaN,NaN,NaN,NaN,NaN,20408720,18764178.25,32.90192043310154
1664323200,3073.33026,3079.99692,2969.99703,2969.99703,NaN,NaN,NaN,NaN,NaN,NaN,NaN,NaN,35637935,19815544.3,28.2342457416961
1664409600,2587,2730,2422,2500,NaN,NaN,NaN,NaN,NaN,NaN,NaN,NaN,49677500,21671023.7,17.66426966687824
1664496000,2480,2538,2451,2467,NaN,NaN,NaN,NaN,NaN,NaN,NaN,NaN,23878700,21923002.8,17.17800354685886
1664755200,2429,2612,2422,2599,NaN,NaN,NaN,NaN,NaN,NaN,NaN,NaN,23007900,22048821.8,25.95812291985584
1664841600,2677,2680,2560,2609,NaN,NaN,NaN,NaN,NaN,NaN,NaN,NaN,18000000,22220106.1,26.59301928278785
1664928000,2656,2717,2591,2610,NaN,NaN,NaN,NaN,NaN,NaN,NaN,NaN,21589000,22498840.3,26.66074390681237
1665014400,2624,2665,2576,2631,NaN,NaN,NaN,NaN,NaN,NaN,NaN,NaN,18824900,22714429.6,28.15967445598737
1665100800,2600,2638,2560,2563,NaN,NaN,NaN,NaN,NaN,NaN,NaN,NaN,16354300,21218962.3,26.286202642916408
1665446400,2555,2626,2551,2578,NaN,NaN,NaN,NaN,NaN,NaN,NaN,NaN,14171400,20595426,27.43310151344896
1665532800,2560,2599,2514,2595,NaN,NaN,NaN,NaN,NaN,NaN,NaN,NaN,10081500,19876849.8,28.785446337124725
1665619200,2586,2642,2576,2608,NaN,NaN,NaN,NaN,NaN,NaN,NaN,NaN,12067800,19724689.05,29.861867417500648
1665705600,2655,2674,2611,2650,NaN,NaN,NaN,NaN,NaN,NaN,NaN,NaN,13475300,19650163.35,33.36614881835486
1665964800,2664,2750,2653,2701,NaN,NaN,NaN,NaN,NaN,2703.520833333333,2725.75,2681.2916666666665,18277100,19772962.6,37.45271738732286
1666051200,2700,2732,2667,2732,NaN,NaN,NaN,NaN,NaN,2703.520833333333,2725.75,2681.2916666666665,13346900,19944257.15,39.866812101179754
1666137600,2715,2744,2672,2725,NaN,NaN,NaN,NaN,NaN,2723.729166666667,2733.8333333333335,2689.375,12339300,19754356.35,39.496113243552614
1666224000,2700,2722,2663,2685,NaN,NaN,NaN,NaN,NaN,2683.3125,2721.7083333333335,2677.25,10830000,19115145.2,37.358422379850616
1666310400,2695,2715,2661,2679,NaN,NaN,NaN,NaN,NaN,2679.270833333333,2717.6666666666665,2673.2083333333335,8660200,18788449.45,37.034624182946665
1666569600,2727,2809,2725,2778,NaN,NaN,NaN,NaN,NaN,2682.25,2731,2672.5,16091600,18874198.75,45.43784943752716
1666656000,2789,2873,2763,2860,NaN,NaN,NaN,NaN,NaN,2685.083333333333,2763,2662.1666666666665,16864600,18679232.75,51.24217627788998
1666742400,2820,2835,2768,2783,NaN,NaN,NaN,NaN,NaN,2685.083333333333,2781.3333333333335,2662.1666666666665,14251300,18371361.75,46.26508815817425
1666828800,2735,2777,2710,2711,NaN,NaN,NaN,NaN,NaN,2712.583333333333,2772.1666666666665,2662.1666666666665,11130500,17145990,42.14315224164041
1666915200,2700,2711,2638,2643,NaN,NaN,NaN,NaN,NaN,2682.0625,2765.2916666666665,2638,12140400,15269135,38.6415746317655
1667174400,2690,2724,2646.5,2699,NaN,NaN,NaN,NaN,NaN,2682.0625,2755.5,2638,15093100,14829855,42.852682685547116
1667260800,2701,2739.5,2627,2654,NaN,NaN,NaN,NaN,NaN,2683.375,2739.75,2637.25,13709600,14364940,40.450243046240274
1667347200,2655,2688,2643,2655.5,NaN,NaN,NaN,NaN,NaN,2683.375,2739.75,2647.5,12123400,14071110,40.56984678300393
1667520000,2629,2630.5,2502,2563,NaN,NaN,NaN,NaN,NaN,2679.770833333333,2780.25,2641.125,23812100,14182265,35.7953604720103
1667779200,2611,2653,2595.5,2604,NaN,NaN,NaN,NaN,NaN,2679.770833333333,2764.7916666666665,2594.75,13891500,13935595,39.21027822264757
1667865600,2620,2674,2613,2646.5,NaN,NaN,NaN,NaN,NaN,2679.770833333333,2749.3333333333335,2594.75,13978500,13816805,42.61737155209874
1667952000,2666.5,2701.5,2661.5,2688,NaN,NaN,NaN,NaN,NaN,2679.770833333333,2749.3333333333335,2610.2083333333335,12118700,13714170,45.81116995304154
1668038400,2657.5,2708,2647.5,2692.5,NaN,NaN,NaN,NaN,NaN,2679.770833333333,2749.3333333333335,2625.6666666666665,8763500,13648270,46.16109287934229
1668124800,2740,2759,2671,2728.5,NaN,NaN,NaN,NaN,NaN,2679.770833333333,2749.3333333333335,2625.6666666666665,13310700,13710415,48.998491263347546
1668384000,2734.5,2745,2691,2718,NaN,NaN,NaN,NaN,NaN,2695.229166666667,2749.3333333333335,2625.6666666666665,10262700,13549785,48.200592232497584
1668470400,2718,2781,2703.5,2781,NaN,NaN,NaN,NaN,NaN,2695.229166666667,2749.3333333333335,2625.6666666666665,11040100,13187935,53.13206852800902
1668556800,2771.5,2796,2740,2792.5,NaN,NaN,NaN,NaN,NaN,2695.229166666667,2764.7916666666665,2641.125,10356000,13038390,53.993096253405675
1668643200,2770,2797.5,2759.5,2783.5,NaN,NaN,NaN,NaN,NaN,2695.229166666667,2764.7916666666665,2641.125,6751400,12758995,53.16983810065347
1668729600,2780,2781,2713.5,2716,NaN,NaN,NaN,NaN,NaN,2695.229166666667,2764.7916666666665,2641.125,10138600,12724425,47.33981458335294
1668988800,2700,2743.5,2681.5,2743,NaN,NaN,NaN,NaN,NaN,2695.229166666667,2764.7916666666665,2641.125,7760200,12679425,49.71495080453992
1669075200,2743,2780,2742.5,2770.5,NaN,NaN,NaN,NaN,NaN,2695.229166666667,2764.7916666666665,2641.125,8080300,12278860,52.0853842261154
1669248000,2820.5,2964.5,2819.5,2938,NaN,NaN,NaN,NaN,NaN,2685.072916666667,2771.7916666666665,2636.8958333333335,25336900,12702475,63.40192964961029
1669334400,2920.5,2959.5,2912,2947.5,NaN,NaN,NaN,NaN,NaN,2685.072916666667,2771.7916666666665,2636.8958333333335,10360200,12507920,63.92237753455398
1669593600,2948.5,2953,2897.5,2934.5,NaN,NaN,NaN,NaN,NaN,2685.072916666667,2791.0625,2636.8958333333335,12439700,12573380,62.61027107130476
1669680000,2914,2940,2906,2927,NaN,NaN,NaN,NaN,NaN,2685.072916666667,2791.0625,2636.8958333333335,9595100,12446115,61.821845475982116
1669766400,2937.5,3041,2936,3037,NaN,NaN,NaN,NaN,NaN,2692.895833333333,2816.4166666666665,2614.2916666666665,22799100,12831415,68.15563745171232
1669852800,3084,3111,3022,3077,NaN,NaN,NaN,NaN,NaN,2692.3125,2831.875,2603.5,16976000,12994735,70.09829733657048
1669939200,3037,3053,2994,3041,NaN,NaN,NaN,NaN,NaN,2692.3125,2857.25,2603.5,13295800,13053355,66.18493082161658
1670198400,3034,3035,2980,3005,NaN,NaN,NaN,NaN,NaN,2692.3125,2882.625,2603.5,11167800,12421140,62.43147478933628
1670284800,2984,3040,2969,3010,NaN,NaN,NaN,NaN,NaN,2692.3125,2882.625,2578.125,9209600,12187045,62.747469764365334
1670371200,2981,3015,2977.5,2991.5,NaN,NaN,NaN,NaN,NaN,2692.3125,2882.625,2552.75,7897800,11883010,60.7126695871653
1670457600,3003,3036,2983.5,3035,NaN,NaN,NaN,NaN,NaN,2692.3125,2882.625,2527.375,9520500,11753100,63.6939749651756
1670544000,3034,3067,3030,3041,NaN,NaN,NaN,NaN,NaN,2692.3125,2908,2527.375,7926100,11711230,64.09865459591711
1670803200,3050,3106,3046,3076,NaN,NaN,NaN,NaN,NaN,2692.3125,2908,2527.375,10300300,11560710,66.44802861801153
1670889600,3105,3150,3085,3143,NaN,NaN,NaN,NaN,NaN,2704.5,2907,2529,12365100,11665830,70.43635635352166
1670976000,3143,3170,3117,3164,NaN,NaN,NaN,NaN,NaN,2682.916666666667,2919.5,2529.8333333333335,9988400,11613245,71.5768028082614
1671062400,3161,3232,3161,3201,NaN,NaN,NaN,NaN,NaN,2699.708333333333,2927.8333333333335,2502,12208700,11705880,73.51535795898285
1671148800,3190,3240,3184,3214,NaN,NaN,NaN,NaN,NaN,2701.875,2932.5,2532.75,13369500,12036785,74.18164312447925
1671408000,3220,3275,3142,3142,NaN,NaN,NaN,NaN,NaN,2711.354166666667,2985.125,2598.625,16421100,12350910,64.50289727018554
1671494400,3176,3228,3101,3143,NaN,NaN,NaN,NaN,NaN,2711.354166666667,2985.125,2598.625,18586600,12892230,64.57203594002681
1671580800,3143,3220,3143,3175,NaN,NaN,NaN,NaN,NaN,2711.354166666667,3017.3333333333335,2598.625,11960400,13086235,66.80044558287523
1671667200,3210,3239,3172,3229,NaN,NaN,NaN,NaN,NaN,2711.354166666667,3017.3333333333335,2598.625,11203900,12379585,70.20612869654212
1671753600,3201,3205,3140,3169,NaN,NaN,NaN,NaN,NaN,2711.354166666667,3017.3333333333335,2598.625,11860000,12454575,62.530624380752144
1672012800,3191,3215,3152,3170,NaN,NaN,NaN,NaN,NaN,2711.354166666667,3017.3333333333335,2598.625,7626300,12213905,62.604006525822626
1672099200,3193,3214,3158,3197,NaN,NaN,NaN,NaN,NaN,2711.354166666667,3017.3333333333335,2598.625,9651200,12216710,64.618819387588
1672185600,3204,3230,3145,3164,NaN,NaN,NaN,NaN,NaN,2711.354166666667,3049.541666666667,2598.625,10339200,11593715,60.339762182124716
1672272000,3150,3150,3057,3086,NaN,NaN,NaN,NaN,NaN,2711.354166666667,3049.541666666667,2598.625,11940100,11341920,51.636000073096106
1672358400,3118,3140,3097,3110,NaN,NaN,NaN,NaN,NaN,2711.354166666667,3081.75,2598.625,8471000,11100680,53.842224124025776
1672790400,3012,3014,2902.5,2907.5,NaN,NaN,NaN,NaN,NaN,2711.354166666667,3049.541666666667,2598.625,19638900,11524235,38.064457790613396
1672876800,2923,2939.5,2857.5,2877.5,NaN,NaN,NaN,NaN,NaN,2711.354166666667,3049.541666666667,2598.625,16767900,11902150,36.364339488891225
1672963200,2880,2974.5,2877.5,2969.5,NaN,NaN,NaN,NaN,NaN,2711.354166666667,3049.541666666667,2598.625,14019100,12208215,44.54439413765287
1673308800,2970,3039,2911.5,3039,NaN,NaN,NaN,NaN,NaN,2711.354166666667,3049.541666666667,2598.625,10222800,12243330,49.79472486127114
1673395200,3018,3088,3012,3073,NaN,NaN,NaN,NaN,NaN,2711.354166666667,3049.541666666667,2598.625,7673700,12230710,52.17995340204663
1673481600,3052,3078,3005,3050,NaN,NaN,NaN,NaN,NaN,2711.354166666667,3049.541666666667,2598.625,8521000,12141745,50.43436904956857
1673568000,3010,3073,3008,3056,NaN,NaN,NaN,NaN,NaN,2711.354166666667,3049.541666666667,2598.625,7785200,11912750,50.89586018016839
1673827200,3018,3034,2987,3000,NaN,NaN,NaN,NaN,NaN,2711.354166666667,3049.541666666667,2598.625,8838400,11855250,46.54039776399263
1673913600,3046,3072,3035,3069,NaN,NaN,NaN,NaN,NaN,2711.354166666667,3049.541666666667,2598.625,6943400,11591985,51.99185358858603
1674000000,3068,3168,3044,3106,NaN,NaN,NaN,NaN,NaN,2711.354166666667,3049.541666666667,2598.625,11444200,11495720,54.661717673980384
1674086400,3090,3124,3076,3114,NaN,NaN,NaN,NaN,NaN,2711.354166666667,3049.541666666667,2598.625,6462000,10997765,55.24131250566022
1674172800,3128,3182,3125,3180,NaN,NaN,NaN,NaN,NaN,2711.354166666667,3049.541666666667,2598.625,10050600,10570965,59.80645544813205
1674432000,3188,3209,3165,3198,NaN,NaN,NaN,NaN,NaN,2711.354166666667,3049.541666666667,2598.625,7719200,10358905,60.97549105091705
1674518400,3210,3223,3165,3174,NaN,NaN,NaN,NaN,NaN,2711.354166666667,3049.541666666667,2598.625,9626400,10280030,58.53104137010809
1674604800,3199,3249,3191,3242,NaN,NaN,NaN,NaN,NaN,2711.354166666667,3081.75,2598.625,11654400,10269750,63.05078096007736
1674691200,3156,3179,3110,3165,NaN,NaN,NaN,NaN,NaN,2711.354166666667,3081.75,2598.625,13537500,10565310,55.65384357334717
1674777600,3065,3077,2990,3040,NaN,NaN,NaN,NaN,NaN,2711.354166666667,3081.75,2598.625,22551400,11210320,46.18193370069565
1675036800,3005,3062,3002,3034,NaN,NaN,NaN,NaN,NaN,2711.354166666667,3081.75,2598.625,10029500,11194835,45.77918295604728
1675123200,3059,3092,3006,3075,NaN,NaN,NaN,NaN,NaN,3033.4375,3242.791666666667,2791.875,13271300,11261395,49.04907632039355
1675209600,3100,3175,3089,3175,NaN,NaN,NaN,NaN,NaN,3033.4375,3242.791666666667,2791.875,13990400,11537365,56.01630506502601
1675296000,3200,3222,3159,3165,NaN,NaN,NaN,NaN,NaN,3033.4375,3242.791666666667,2791.875,11013400,11106090,55.20336552627845
1675382400,3190,3225,3065,3104,NaN,NaN,NaN,NaN,NaN,3162.2708333333335,3242.791666666667,2791.875,21212400,11328315,50.39855373744301
1675641600,3140,3197,3134,3172,NaN,NaN,NaN,NaN,NaN,3162.2708333333335,3242.791666666667,2791.875,13298500,11292285,55.091084743101135
1675728000,3184,3249,3181,3194,NaN,NaN,NaN,NaN,NaN,3162.2708333333335,3242.791666666667,2791.875,14368700,11499580,56.52412884398879
1675814400,3206,3211,3168,3182,NaN,NaN,NaN,NaN,NaN,3162.2708333333335,3242.791666666667,2791.875,6597000,11445745,55.484115512427685
1675900800,3182,3212,3182,3210,NaN,NaN,NaN,NaN,NaN,3194.479166666667,3242.791666666667,2791.875,7394800,11389435,57.45133334497587
1675987200,3215,3233,3193,3201,NaN,NaN,NaN,NaN,NaN,3194.479166666667,3242.791666666667,2791.875,6493600,11324855,56.58574059240749
1676246400,3226,3269,3217,3269,NaN,NaN,NaN,NaN,NaN,3194.479166666667,3275,2791.875,11525300,11459200,61.32679316991533
1676332800,3285,3298,3245,3277,NaN,NaN,NaN,NaN,NaN,3181.9166666666665,3264.833333333333,2800.5,8656600,11544860,61.85457039185184
1676419200,3273,3299,3260,3298,NaN,NaN,NaN,NaN,NaN,3182.7708333333335,3299,2800.875,6488600,11297080,63.2715294187552
1676505600,3300,3340,3300,3340,NaN,NaN,NaN,NaN,NaN,3182.875,3305.083333333333,2816.25,8972600,11422610,65.99238584394485
1676592000,3330,3356,3279,3355,NaN,NaN,NaN,NaN,NaN,3195.875,3356,2822.25,11643300,11502245,66.9345021051648
1676851200,3359,3372,3328,3329,NaN,NaN,NaN,NaN,NaN,3172.625,3335.75,2792,8300300,11531300,63.643348667498465
1676937600,3335,3371,3330,3358,NaN,NaN,NaN,NaN,NaN,3172.625,3372,2828.25,8212900,11460625,65.6708911203967
1677024000,3350,3453,3345,3451,NaN,NaN,NaN,NaN,NaN,3195.4375,3373.75,2819,17276800,11741745,71.21489508057824
1677196800,3510,3595,3497,3595,NaN,NaN,NaN,NaN,NaN,3207.895833333333,3367.2916666666665,2820.7916666666665,23501400,12239940,77.32194015782211
1677456000,3595,3644,3570,3642,NaN,NaN,NaN,NaN,NaN,3191.9583333333335,3358.5,2787.5,14001300,11812435,78.89575345324906
1677542400,3641,3724,3522,3532,NaN,NaN,NaN,NaN,NaN,3189.375,3367.583333333333,2807.5,29632700,12792595,67.15018507567576
1677628800,3500,3517,3375,3473,NaN,NaN,NaN,NaN,NaN,3189.375,3367.583333333333,2756.5833333333335,25414800,13399770,61.83296662692789
1677715200,3532,3538,3437,3490,NaN,NaN,NaN,NaN,NaN,3189.375,3367.583333333333,2756.5833333333335,14133400,13406920,62.74827054665708
1677801600,3512,3528,3457,3506,NaN,NaN,NaN,NaN,NaN,3189.375,3367.583333333333,2756.5833333333335,11264900,13419495,63.632263760020365
1678060800,3520,3599,3501,3580,NaN,NaN,NaN,NaN,NaN,3189.375,3367.583333333333,2756.5833333333335,13952200,13056485,67.47639011448607
1678147200,3563,3572,3504,3560,NaN,NaN,NaN,NaN,NaN,3189.375,3367.583333333333,2756.5833333333335,12469800,13015050,65.46240479634949
1678233600,3535,3577,3513,3571,NaN,NaN,NaN,NaN,NaN,3189.375,3367.583333333333,2756.5833333333335,12028900,12898060,66.06237988245692
1678320000,3591,3635,3583,3634,NaN,NaN,NaN,NaN,NaN,3189.375,3367.583333333333,2756.5833333333335,12817200,13209070,69.3467370521368
1678406400,3620,3669,3381,3395,NaN,NaN,NaN,NaN,NaN,3189.375,3571.25,2858.4166666666665,44369400,15057800,49.697503855625484
1678665600,3325,3444,3301,3393,NaN,NaN,NaN,NaN,NaN,3189.375,3571.25,2858.4166666666665,21143800,15790310,49.57092435700232