time,open,high,low,close,Plot,Plot,Plot,Plot,Plot,Plot,Plot,Conversion Line,Base Line,Lagging Span,Leading Span A,Leading Span B,Developing Poc,Developing VA High,Developing VA Low,Volume,Volume MA,RSI
1639958400,2813.33052,2839.99716,2766.6639,2783.33055,2655.3306780000003,2777.7524127406205,2532.90894325938,2900.1741474812407,2410.48720851876,3022.595882221861,2288.0654737781397,NaN,NaN,NaN,NaN,NaN,NaN,NaN,NaN,14466914,18761598.3,57.38109521423461
1640044800,2833.3305,2859.99714,2806.66386,2849.99715,2671.6639950000003,2797.1385238938165,2546.189466106184,2922.613052787633,2420.7149372123677,3048.087581681449,2295.2404083185515,NaN,NaN,NaN,NaN,NaN,NaN,NaN,NaN,15385515,18666408.2,60.927794548091214
1640131200,2866.6638,2873.33046,2786.66388,2849.99715,2689.3306440000006,2813.7920263053006,2564.8692616947005,2938.253408610601,2440.4078793894,3062.714790915901,2315.9464970841,NaN,NaN,NaN,NaN,NaN,NaN,NaN,NaN,16651816,18940353.45,60.927794548091214
1640217600,2869.99713,2933.3304,2853.33048,2929.99707,2710.663956000001,2837.9500329064495,2583.377879093552,2965.2361098128986,2456.091802187103,3092.5221867193472,2328.8057252806543,NaN,NaN,NaN,NaN,NaN,NaN,NaN,NaN,22021222,19590769.1,64.98332449530129
1640304000,2933.3304,2963.33037,2886.66378,2923.33041,2733.9972660000008,2855.2113720401894,2612.783159959812,2976.4254780803776,2491.569053919624,3097.6395841205663,2370.3549478794353,NaN,NaN,NaN,NaN,NaN,NaN,NaN,NaN,17627417,19783369.3,64.38359097952832
1640563200,2946.66372,2963.33037,2896.66377,2909.99709,2753.6639130000012,2869.824126652461,2637.5036993475414,2985.984340304921,2521.3434856950817,3102.1445539573806,2405.183272042622,NaN,NaN,NaN,NaN,NaN,NaN,NaN,NaN,13959613,19492924,63.12872288708192
1640649600,2916.66375,2919.99708,2849.99715,2899.9971,2775.330558000001,2875.2103860335255,2675.4507299664765,2975.0902140670496,2575.5709019329524,3074.970042100574,2475.691073899428,NaN,NaN,NaN,NaN,NaN,NaN,NaN,NaN,14480714,19377888.9,62.15033226241725
1640736000,2906.66376,2939.99706,2896.66377,2923.33041,2794.997205000001,2882.604194732572,2707.39021526743,2970.211184465143,2619.783225534859,3057.818174197714,2532.176235802288,NaN,NaN,NaN,NaN,NaN,NaN,NaN,NaN,13442413,19285023.8,63.56911680293176
1640822400,2929.99707,2943.33039,2899.9971,2919.99708,2807.830525500001,2893.997428371718,2721.663622628284,2980.1643312434353,2635.4967197565666,3066.3312341151523,2549.3298168848496,NaN,NaN,NaN,NaN,NaN,NaN,NaN,NaN,10527910,18480768,63.204623237088214
1641254400,2943.33039,3046.66362,2939.99706,3046.66362,2824.163842500001,2922.2672894677266,2726.0603955322754,3020.3707364354523,2627.9569485645497,3118.4741834031774,2529.8535015968246,NaN,NaN,NaN,NaN,NaN,NaN,NaN,NaN,25912825,18259217.75,70.19761464703187
1641340800,3073.33026,3149.99685,3033.3303,3066.6636,2843.330490000001,2949.186680865013,2737.4742991349895,3055.0428717300247,2631.6181082699777,3160.899062595037,2525.7619174049655,NaN,NaN,NaN,NaN,NaN,NaN,NaN,NaN,27087027,18282497.8,71.13056880563644
1641427200,3049.99695,3113.33022,3033.3303,3049.99695,2857.1638095000008,2970.7627716013726,2743.564847398629,3084.361733702745,2629.9658852972566,3197.9606958041168,2516.3669231958847,NaN,NaN,NaN,NaN,NaN,NaN,NaN,NaN,17653517,18061967.55,69.18683764604312
1641513600,3099.9969,3113.33022,3046.66362,3109.99689,2875.9971240000013,2998.3879961941843,2753.6062518058184,3120.7788683883678,2631.215379611635,3243.1697405825507,2508.824507417452,NaN,NaN,NaN,NaN,NaN,NaN,NaN,NaN,16549516,17289106.75,72.13853021856656
1641859200,3133.3302,3133.3302,3056.66361,3096.66357,2894.4971055000015,3020.8178888584252,2768.1763221415777,3147.1386722168495,2641.8555387831534,3273.4594555752733,2515.5347554247296,NaN,NaN,NaN,NaN,NaN,NaN,NaN,NaN,17805317,17525716.95,70.52182601056663
1641945600,3116.66355,3243.33009,3086.66358,3233.3301,2920.8304125000013,3059.5381002155714,2782.1227247844313,3198.2457879311414,2643.4150370688612,3336.953475646711,2504.7073493532916,NaN,NaN,NaN,NaN,NaN,NaN,NaN,NaN,24747624,18227402.65,76.36800614596667
1642032000,3229.99677,3273.33006,3206.66346,3229.99677,2944.163722500001,3093.275295112468,2795.0521498875337,3242.3868677249357,2645.940577275066,3391.498440337403,2496.829004662599,NaN,NaN,NaN,NaN,NaN,NaN,NaN,NaN,18059118,18518087.95,75.97225021543028
1642118400,3223.33011,3263.33007,3193.33014,3256.66341,2970.330363000001,3125.925480112111,2814.735245887891,3281.520597224221,2659.140128775781,3437.115714336331,2503.5450116636707,NaN,NaN,NaN,NaN,NaN,NaN,NaN,NaN,17109317,18824628.3,76.99916465155451
1642377600,3283.33005,3293.33004,3219.99678,3233.3301,2997.997002000001,3148.622952107532,2847.37105189247,3299.248902215063,2696.745101784939,3449.874852322594,2546.119151677408,NaN,NaN,NaN,NaN,NaN,NaN,NaN,NaN,15009615,18546678.05,74.01822910999373
1642464000,3233.3301,3259.99674,3179.99682,3213.33012,3017.163649500001,3169.571119386426,2864.7561796135765,3321.97858927285,2712.3487097271523,3474.3860591592747,2559.9412398407276,NaN,NaN,NaN,NaN,NaN,NaN,NaN,NaN,17388017,18023657.55,71.46438646430184
1642550400,3153.33018,3179.99682,2886.66378,2913.33042,3021.996978000001,3169.420633870549,2874.573322129453,3316.8442897410964,2727.1496662589057,3464.2679456116443,2579.7260103883577,NaN,NaN,NaN,NaN,NaN,NaN,NaN,NaN,35515235,18570033.1,45.88832781969058
1642636800,2879.99712,2946.66372,2726.66394,2849.99715,3025.3303080000014,3167.996831999973,2882.66378400003,3310.6633559999445,2739.9972600000583,3453.3298799999166,2597.3307360000863,NaN,NaN,NaN,NaN,NaN,NaN,NaN,NaN,35043935,19598884.15,42.435543187342184
1642723200,2723.33061,2796.66387,2656.66401,2789.99721,3022.330311000001,3169.2205238265833,2875.440098173419,3316.110736653166,2728.549885346836,3463.000949479748,2581.659672520254,NaN,NaN,NaN,NaN,NaN,NaN,NaN,NaN,31514431,20405329.95,39.41016870600336
1642982400,2729.99727,2899.9971,2723.33061,2886.66378,3024.1636425000006,3169.1074522419817,2879.2198327580195,3314.051261983963,2734.2760230160384,3458.9950717259444,2589.332213274057,NaN,NaN,NaN,NaN,NaN,NaN,NaN,NaN,28354828,20990480.55,46.079925983386566
1643068800,2886.66378,2906.66376,2689.99731,2716.66395,3013.4969865000007,3172.1770618335304,2854.816911166471,3330.85713716706,2696.1368358329414,3489.5372125005897,2537.4567604994118,NaN,NaN,NaN,NaN,NaN,NaN,NaN,NaN,31562731,21467556,38.13044126122542
1643155200,2766.6639,2796.66387,2709.99729,2749.99725,3004.830328500001,3172.6676316475873,2836.993025352415,3340.5049347951735,2669.1557222048286,3508.3422379427598,2501.3184190572424,NaN,NaN,NaN,NaN,NaN,NaN,NaN,NaN,20133020,21592836.15,40.30504119420679
1643241600,2793.33054,2829.99717,2659.99734,2669.99733,2992.8303405000006,3174.987828141503,2810.672852858498,3357.1453157830056,2628.5153652169956,3539.302803424508,2446.357877575493,NaN,NaN,NaN,NaN,NaN,NaN,NaN,NaN,28411228,22315416.9,36.948477984798764
1643328000,2729.99727,2773.33056,2666.664,2766.6639,2986.1636805000007,3173.9496447296087,2798.3777162703927,3361.735608959217,2610.5917520407843,3549.5215731888256,2422.805787811176,NaN,NaN,NaN,NaN,NaN,NaN,NaN,NaN,22710322,22726897.3,43.11326284308047
1643587200,2789.99721,2989.99701,2743.33059,2966.6637,2988.3303450000008,3175.6281970818495,2801.032492918152,3362.9260491636983,2613.7346408363032,3550.2239012455475,2426.436788754454,NaN,NaN,NaN,NaN,NaN,NaN,NaN,NaN,33400833,23724818.3,53.289261092925166
1643673600,3066.6636,3156.66351,3033.3303,3079.99692,2996.3303370000003,3183.9553668222798,2808.705307177721,3371.5803966445587,2621.080277355442,3559.205426466838,2433.4552475331625,NaN,NaN,NaN,NaN,NaN,NaN,NaN,NaN,36427836,25019814.6,57.88652492787243
1643760000,3093.33024,3106.66356,3023.33031,3079.99692,2997.997002000001,3186.2088691344984,2809.7851348655036,3374.4207362689954,2621.5732677310066,3562.632603403493,2433.361400596509,NaN,NaN,NaN,NaN,NaN,NaN,NaN,NaN,20825120,24765429.35,57.88652492787243
1643846400,3056.66361,3159.99684,2933.3304,3076.66359,2998.497001500001,3186.9038045886564,2810.090198411345,3375.3106076773115,2621.68339532269,3563.717410765967,2433.2765922340345,NaN,NaN,NaN,NaN,NaN,NaN,NaN,NaN,74238074,27122981.7,57.692840341038846
1643932800,3063.33027,3279.99672,3059.99694,3266.6634,3009.3303240000005,3206.416120553553,2812.244527446448,3403.5019171071053,2615.1587308928956,3600.5877136606573,2418.0729343393436,NaN,NaN,NaN,NaN,NaN,NaN,NaN,NaN,65168465,29498729.1,64.90165363305164
1644192000,3276.66339,3289.99671,3079.99692,3093.33024,3008.4969915000006,3205.1902251888637,2811.8037578111375,3401.8834588777268,2615.1105241222745,3598.57669256659,2418.4172904334114,NaN,NaN,NaN,NaN,NaN,NaN,NaN,NaN,48012648,31071885.7,55.59490339126424
1644278400,3126.66354,3206.66346,3069.99693,3206.66346,3013.9969860000006,3214.578162642153,2813.415809357848,3415.159339284305,2612.834632715696,3615.7405159264576,2412.2534560735435,NaN,NaN,NaN,NaN,NaN,NaN,NaN,NaN,30295530,31696396.35,59.66738331973032
1644364800,3233.3301,3249.99675,3176.66349,3226.66344,3013.6636530000005,3213.885274210749,2813.4420317892523,3414.106895421497,2613.220410578504,3614.3285166322457,2412.9987893677553,NaN,NaN,NaN,NaN,NaN,NaN,NaN,NaN,23199923,31619011.3,60.358315234558525
1644451200,3256.66341,3279.99672,3219.99678,3253.33008,3014.8303185,3216.3727096435873,2813.2879273564126,3417.915100787174,2611.7455362128258,3619.4574919307615,2410.2031450692384,NaN,NaN,NaN,NaN,NaN,NaN,NaN,NaN,20843120,31758211.4,61.310016868890955
1644796800,3166.6635,3263.33007,3136.66353,3253.33008,3014.663652,3216.0072693676925,2813.320034632308,3417.350886735385,2611.9764172646155,3618.6945041030776,2410.6327998969227,NaN,NaN,NaN,NaN,NaN,NaN,NaN,NaN,23980223,32101756.7,61.310016868890955
1644883200,3236.66343,3279.99672,3199.9968,3219.99678,3013.9969859999997,3214.636318409732,2813.357653590267,3415.2756508194648,2612.7183211805345,3615.9149832291973,2412.078988770802,NaN,NaN,NaN,NaN,NaN,NaN,NaN,NaN,21982821,32450417,59.247956080089345
1644969600,3269.99673,3326.66334,3249.99675,3309.99669,3018.8303145,3225.2931125250293,2812.3675164749707,3431.755910550058,2605.904718449942,3638.2187085750875,2399.4419204249125,NaN,NaN,NaN,NaN,NaN,NaN,NaN,NaN,26879126,32924972.45,62.878289056132644
1645056000,3326.66334,3416.66325,3309.99669,3333.33,3039.8302935,3255.64243188041,2824.01815511959,3471.45457026082,2608.20601673918,3687.2667086412307,2392.3938783587696,NaN,NaN,NaN,NaN,NaN,NaN,NaN,NaN,37846837,33041552.55,63.77918421192014
1645142400,3299.9967,3446.66322,3289.99671,3426.66324,3068.663598,3295.4314857845725,2841.8957102154277,3522.1993735691444,2615.1278224308558,3748.967261353717,2388.3599346462834,NaN,NaN,NaN,NaN,NaN,NaN,NaN,NaN,33719133,32975312.45,67.2073902992758
1645401600,3379.99662,3416.66325,3323.33001,3396.66327,3098.996901,3327.0320016116034,2870.9618003883966,3555.0671022232063,2642.9266997767936,3783.1022028348098,2414.89159916519,NaN,NaN,NaN,NaN,NaN,NaN,NaN,NaN,33844833,33091832.55,65.07535494881436
1645488000,3326.66334,3393.32994,3236.66343,3259.99674,3117.663549,3342.8153712391463,2892.5117267608534,3567.9671934782928,2667.359904521707,3793.1190157174397,2442.20808228256,NaN,NaN,NaN,NaN,NaN,NaN,NaN,NaN,39858039,33666993.1,56.311407185574495
1645660800,3223.33011,3323.33001,3219.99678,3266.6634,3145.1635214999997,3352.545074271943,2937.781968728056,3559.926627043887,2730.4004159561123,3767.308179815831,2523.0188631841684,NaN,NaN,NaN,NaN,NaN,NaN,NaN,NaN,35161835,33846948.3,56.61832379059485
1645747200,3343.32999,3413.32992,3333.33,3399.9966,3177.663489,3371.0285228890903,2984.29845511091,3564.3935567781805,2790.9334212218196,3757.7585906672707,2597.5683873327293,NaN,NaN,NaN,NaN,NaN,NaN,NaN,NaN,32240132,34452303.9,62.31971893682974
1646006400,3443.32989,3559.99644,3379.99662,3556.66311,3221.9967779999997,3394.3927901452557,3049.6007658547437,3566.7888022905117,2877.2047537094877,3739.1848144357673,2704.808741564232,NaN,NaN,NaN,NaN,NaN,NaN,NaN,NaN,39838839,35023684.45,67.69251667823796
1646092800,3653.32968,3706.66296,3613.32972,3636.66303,3265.4967345,3426.925177861395,3104.068291138605,3588.3536212227896,2942.6398477772104,3749.7820645841844,2781.2114044158157,NaN,NaN,NaN,NaN,NaN,NaN,NaN,NaN,34497334,35613035.05,70.04162316807623
1646179200,3653.32968,3743.32959,3629.99637,3699.9963,3302.1633645,3474.4687186422507,3129.8580103577497,3646.7740727845016,2957.5526562154987,3819.079426926752,2785.247302073248,NaN,NaN,NaN,NaN,NaN,NaN,NaN,NaN,31101031,35498044.95,71.79035888204919
1646265600,3759.99624,3923.32941,3739.99626,3909.99609,3343.6633229999998,3553.3583948708856,3133.968251129114,3763.053466741771,2924.2731792582285,3972.748538612657,2714.5781073873427,NaN,NaN,NaN,NaN,NaN,NaN,NaN,NaN,42560142,35804660.25,76.65611805884458
1646352000,3966.6627,4053.32928,3779.99622,3966.6627,3387.996612,3628.697661513599,3147.2955624864007,3869.3987110271983,2906.5945129728016,4110.099760540797,2665.8934634592024,NaN,NaN,NaN,NaN,NaN,NaN,NaN,NaN,64595464,37993177.45,77.77035763601725
1646611200,4066.6626,4116.66255,3883.32945,4003.32933,3434.3298990000003,3698.6696934226356,3169.990104577365,3963.0094878452715,2905.650310154729,4227.349282267907,2641.310515732094,NaN,NaN,NaN,NaN,NaN,NaN,NaN,NaN,46951546,36628851.05,78.4859347316571
1646697600,3933.3294,3963.32937,3726.66294,3739.99626,3457.996542,3727.405915245474,3188.587168754526,3996.8152884909478,2919.177795509052,4266.224661736422,2649.768422263578,NaN,NaN,NaN,NaN,NaN,NaN,NaN,NaN,45282345,35634545.05,62.84064301677149
1646784000,3639.99636,3809.99619,3519.99648,3673.32966,3486.9965129999996,3746.6303976706663,3227.362628329333,4006.2642823413335,2967.7287436586657,4265.898167012,2708.094858987999,NaN,NaN,NaN,NaN,NaN,NaN,NaN,NaN,42315642,35349694.75,59.601454130657295
1646870400,3793.32954,3923.32941,3733.3296,3916.66275,3522.4964775,3789.799356871601,3255.1935981283987,4057.1022362432022,2987.8907187567975,4324.405115614803,2720.5878393851963,NaN,NaN,NaN,NaN,NaN,NaN,NaN,NaN,32545832,35462209.85,66.40776916963911
1646956800,3916.66275,3999.996,3846.66282,3936.66273,3557.9964419999997,3830.7443233346166,3285.2485606653827,4103.492204669234,3012.5006793307657,4376.240086003851,2739.752797996149,NaN,NaN,NaN,NaN,NaN,NaN,NaN,NaN,31194931,35861960.25,66.90136274792911
1647216000,3999.996,4039.99596,3953.32938,3999.996,3595.3297379999995,3874.8377569175136,3315.8217190824853,4154.345775835028,3036.313700164971,4433.853794752542,2756.8056812474565,NaN,NaN,NaN,NaN,NaN,NaN,NaN,NaN,28940428,36266825.65,68.48076709231287
1647302400,3973.32936,4026.66264,3873.32946,3936.66273,3629.4963704999996,3906.8672343818816,3352.1255066181175,4184.238098263764,3074.7546427362354,4461.608962145646,2797.3837788543533,NaN,NaN,NaN,NaN,NaN,NaN,NaN,NaN,29929829,36564305.95,65.13363234141863
1647388800,3966.6627,4029.99597,3919.99608,4003.32933,3668.662998,3940.699079743392,3396.6269162566077,4212.735161486784,3124.5908345132157,4484.771243230176,2852.554752769823,NaN,NaN,NaN,NaN,NaN,NaN,NaN,NaN,28403428,36885336.3,66.96405903167584
1647475200,4049.99595,4056.66261,3979.99602,4043.32929,3705.3296279999995,3975.969339624287,3434.689916375712,4246.609051248574,3164.050204751424,4517.248762872862,2893.4104931271368,NaN,NaN,NaN,NaN,NaN,NaN,NaN,NaN,30699930,37076376.5,68.0479372012923
1647561600,4016.66265,4163.32917,4009.99599,4133.3292,3745.3295879999996,4017.149109425667,3473.510066574332,4288.968630851335,3201.6905451486646,4560.788152277002,2929.8710237229966,NaN,NaN,NaN,NaN,NaN,NaN,NaN,NaN,39163839,37142226.6,70.40102263742037
1647907200,4156.66251,4156.66251,4013.32932,4056.66261,3776.8295564999994,4046.389577041948,3507.2695359580507,4315.949597583897,3237.7095154161016,4585.509618125846,2968.149494874153,NaN,NaN,NaN,NaN,NaN,NaN,NaN,NaN,32589332,37085736.55,65.94574926660178
1647993600,4033.3293,4083.32925,3899.9961,3936.66273,3803.8295295,4060.704242211408,3546.9548167885914,4317.578954922817,3290.080104077183,4574.453667634225,3033.2053913657746,NaN,NaN,NaN,NaN,NaN,NaN,NaN,NaN,32604932,37023741.5,59.58918842676893
1648080000,3846.66282,3906.66276,3599.9964,3649.99635,3823.3295099999996,4051.36436698475,3595.294653015249,4279.399223969501,3367.259796030499,4507.434080954251,3139.224939045748,NaN,NaN,NaN,NaN,NaN,NaN,NaN,NaN,50853950,37573537.05,47.74852589915533
1648166400,3589.99641,3723.32961,3466.6632,3689.99631,3844.4961554999995,4036.711915333368,3652.280395666631,4228.927675166737,3460.0646358332624,4421.1434350001055,3267.848875999894,NaN,NaN,NaN,NaN,NaN,NaN,NaN,NaN,52792552,38455072.9,49.263470555673344
1648425600,3619.99638,3689.99631,3499.9965,3619.99638,3855.4961444999994,4027.1554387089413,3683.8368502910575,4198.814732917883,3512.177556082116,4370.474027126825,3340.518261873174,NaN,NaN,NaN,NaN,NaN,NaN,NaN,NaN,38900738,38788103.2,46.71111492752193
1648512000,3636.66303,3743.32959,3613.32972,3703.32963,3862.8294704999994,4024.402391806205,3701.256549193794,4185.97531311241,3539.6836278875885,4347.548234418616,3378.110706581383,NaN,NaN,NaN,NaN,NaN,NaN,NaN,NaN,43774243,38984873.4,50.0302774435354
1648598400,3219.99678,3403.32993,3166.6635,3386.66328,3850.329482999999,4036.6858843396467,3663.9730816603515,4223.042285679294,3477.6166803207043,4409.398687018942,3291.2602789810567,NaN,NaN,NaN,NaN,NaN,NaN,NaN,NaN,68060168,40663015.1,39.86811998217386
1648684800,3366.6633,3613.32972,3359.99664,3586.66308,3844.6628219999993,4037.127344916241,3652.198299083758,4229.591867832482,3459.733776167516,4422.056390748724,3267.2692532512747,NaN,NaN,NaN,NaN,NaN,NaN,NaN,NaN,44839544,41349940.75,47.167212406876615
1648771200,3546.66312,3546.66312,3303.33003,3339.99666,3816.1628504999994,4036.9598594559293,3595.3658415440696,4257.756868411859,3374.5688325881397,4478.553877367789,3153.77182363221,NaN,NaN,NaN,NaN,NaN,NaN,NaN,NaN,46370746,41540470.95,40.61853640643517
1649030400,3249.99675,3439.99656,3246.66342,3433.3299,3789.496210499999,4022.3819177459573,3556.610503254041,4255.267624991915,3323.7247960080826,4488.153332237874,3090.8390887621244,NaN,NaN,NaN,NaN,NaN,NaN,NaN,NaN,29072129,39764304.2,43.798153848208884
1649116800,3363.32997,3419.99658,3316.66335,3333.33,3755.9962439999995,4003.446552777918,3508.545935222081,4250.896861555836,3261.0956264441625,4498.347170333755,3013.6453176662444,NaN,NaN,NaN,NaN,NaN,NaN,NaN,NaN,24581724,38645813.1,41.24961211952033
1649203200,3286.66338,3303.33003,3146.66352,3159.99684,3726.9962729999993,4006.529136005954,3447.4634099940445,4286.0619990119085,3167.93054698809,4565.594862017863,2888.3976839821353,NaN,NaN,NaN,NaN,NaN,NaN,NaN,NaN,34157734,38089582.55,37.20813085131834
1649289600,3046.66362,3143.33019,3019.99698,3079.99692,3697.3296359999995,4010.4508825180046,3384.2083894819943,4323.57212903601,3071.0871429639897,4636.693375554014,2757.9658964459845,NaN,NaN,NaN,NaN,NaN,NaN,NaN,NaN,33515133,37649557.1,35.480302497890875
1649376000,3109.99689,3149.99685,3049.99695,3053.33028,3654.1630124999997,3992.560656431179,3315.7653685688206,4330.9583003623575,2977.367724637642,4669.355944293537,2638.970080706463,NaN,NaN,NaN,NaN,NaN,NaN,NaN,NaN,23040023,37174266.65,34.898556195966236
1649635200,3063.33027,3129.99687,3023.33031,3076.66359,3611.1630554999997,3965.209583157288,3257.1165278427115,4319.2561108145765,2903.070000185423,4673.302638471865,2549.0234725281343,NaN,NaN,NaN,NaN,NaN,NaN,NaN,NaN,17719517,36500495.95,35.88909380435739
1649721600,3039.99696,3046.66362,2889.99711,2899.9971,3556.163110499999,3930.3986615542367,3181.9275594457617,4304.634212608475,2807.692008391524,4678.869763662712,2433.4564573372863,NaN,NaN,NaN,NaN,NaN,NaN,NaN,NaN,27741027,36440525.9,31.928004467027776
1649808000,2929.99707,3046.66362,2929.99707,3039.99696,3511.3298219999997,3890.967281478457,3131.6923625215422,4270.604740956915,2752.0549030430843,4650.242200435373,2372.4174435646264,NaN,NaN,NaN,NaN,NaN,NaN,NaN,NaN,24790224,36183545.65,37.78784126279505
1649894400,3033.3303,3133.3302,3003.33033,3119.99688,3467.1631995,3838.2801728080253,3096.0462261919743,4209.397146116051,2724.929252883949,4580.514119424076,2353.8122795759236,NaN,NaN,NaN,NaN,NaN,NaN,NaN,NaN,21453621,35836055.3,40.91767488173867
1649980800,3073.33026,3163.33017,3066.6636,3126.66354,3421.3299119999997,3774.6367904330787,3068.0230335669207,4127.943668866158,2714.7161551338413,4481.250547299237,2361.4092767007623,NaN,NaN,NaN,NaN,NaN,NaN,NaN,NaN,15291615,35065639.55,41.183227511396176
1650240000,3129.99687,3199.9968,3086.66358,3193.33014,3374.3299589999997,3690.3502119302557,3058.3097060697437,4006.370464860511,2742.289453139488,4322.390717790768,2426.269200209232,NaN,NaN,NaN,NaN,NaN,NaN,NaN,NaN,18020418,34008468.5,43.89873118845782
1650326400,3209.99679,3333.33,3163.33017,3303.33003,3336.6633299999994,3611.2961439293376,3062.030516070661,3885.928957858676,2787.397702141323,4160.561771788014,2512.764888211985,NaN,NaN,NaN,NaN,NaN,NaN,NaN,NaN,24529224,33605463.1,48.15224447819249
1650412800,3333.33,3346.66332,3266.6634,3296.66337,3304.6633619999993,3542.31693419013,3067.009789809869,3779.97050638026,2829.356217619739,4017.6240785703903,2591.7026454296083,NaN,NaN,NaN,NaN,NaN,NaN,NaN,NaN,21340821,33042257.55,47.915135189614716
1650499200,3299.9967,3346.66332,3276.66339,3336.66333,3288.996711,3513.3228857739646,3064.670536226035,3737.6490605479294,2840.34436145207,3961.975235321894,2616.0181866781054,NaN,NaN,NaN,NaN,NaN,NaN,NaN,NaN,19935919,31496356,49.52124989617615
1650585600,3299.9967,3333.33,3219.99678,3249.99675,3266.996733,3471.6287187322123,3062.3647472677876,3676.2607044644246,2857.7327615355753,3880.892690196637,2653.100775803363,NaN,NaN,NaN,NaN,NaN,NaN,NaN,NaN,19099819,29811719.35,46.19727195420581
1650844800,3149.99685,3213.33012,3133.3302,3146.66352,3243.3300900000004,3432.5593323550215,3054.1008476449792,3621.788574710042,2864.8716052899586,3811.0178170650634,2675.6423629349374,NaN,NaN,NaN,NaN,NaN,NaN,NaN,NaN,16195816,28676473.25,42.53161795979608
1650931200,3179.99682,3203.33013,3069.99693,3103.33023,3213.3301199999996,3372.414145477888,3054.2460945221114,3531.498170955776,2895.1620690442232,3690.582196433664,2736.078043566335,NaN,NaN,NaN,NaN,NaN,NaN,NaN,NaN,16500616,27312791.9,41.060244194115455
1651017600,3066.6636,3283.33005,3039.99696,3273.33006,3207.6634590000003,3362.4323077311897,3052.894610268811,3517.201156462379,2898.1257615376217,3671.970005193568,2743.356912806433,NaN,NaN,NaN,NaN,NaN,NaN,NaN,NaN,30124230,25415995,48.57623864838549
1651104000,3266.6634,3296.66337,3056.66361,3153.33018,3185.996814,3314.252506491442,3057.741121508558,3442.508198982884,2929.485429017116,3570.7638914743266,2801.2297365256736,NaN,NaN,NaN,NaN,NaN,NaN,NaN,NaN,36038136,24975924.6,44.28347641902236
1651449600,3183.33015,3286.66338,3173.33016,3263.33007,3182.1634845,3306.8553135714465,3057.4716554285533,3431.547142642893,2932.7798263571067,3556.2389717143396,2808.08799728566,NaN,NaN,NaN,NaN,NaN,NaN,NaN,NaN,22320322,23773403.4,48.75410088370377
1651795200,3313.33002,3326.66334,3239.99676,3269.99673,3173.9968259999996,3286.7481606401016,3061.2454913598976,3399.4994952802035,2948.4941567197957,3512.2508299203055,2835.7428220796937,NaN,NaN,NaN,NaN,NaN,NaN,NaN,NaN,21483321,23393963,49.02107893472557
1652054400,3269.99673,3329.99667,3183.33015,3239.99676,3169.330164,3277.216828034316,3061.4434999656837,3385.1034920686325,2953.5568359313675,3492.990156102949,2845.6701718970507,NaN,NaN,NaN,NaN,NaN,NaN,NaN,NaN,33569433,23843348.45,47.81391041443526
1652140800,3196.66347,3206.66346,3046.66362,3089.99691,3165.8301675000002,3275.089560751198,3056.5707742488025,3384.3489540023957,2947.311380997605,3493.608347253594,2838.0519877464067,NaN,NaN,NaN,NaN,NaN,NaN,NaN,NaN,34762534,23873588.45,42.21610400758729
1652227200,3119.99688,3283.33005,3089.99691,3256.66341,3174.6634920000006,3283.767818083929,3065.5591659160723,3392.872144167857,2956.454839832144,3501.976470251785,2847.350513748216,NaN,NaN,NaN,NaN,NaN,NaN,NaN,NaN,29046029,23650133.25,49.316353916346415
1652313600,3236.66343,3266.6634,3186.66348,3206.66346,3182.330151000001,3287.9714724177757,3076.6888295822264,3393.6127938355503,2971.0475081644518,3499.254115253325,2865.406186746677,NaN,NaN,NaN,NaN,NaN,NaN,NaN,NaN,20929220,23544593.1,47.43332778276629
1652400000,3219.99678,3263.33007,3156.66351,3233.3301,3190.163476500001,3293.4616199331135,3086.865333066888,3396.7597633662263,2983.5671896337753,3500.057906799339,2880.2690462006626,NaN,NaN,NaN,NaN,NaN,NaN,NaN,NaN,15354315,23426333,48.56140262996957
1652659200,3269.99673,3309.99669,3219.99678,3236.66343,3206.996793000001,3286.277508647341,3127.716077352661,3365.558224294681,3048.435361705321,3444.8389399420207,2969.1546460579816,NaN,NaN,NaN,NaN,NaN,NaN,NaN,NaN,19740619,23026312.6,48.70957200559517
1652745600,3276.66339,3383.32995,3259.99674,3356.66331,3222.8301105000014,3298.7267114445835,3146.9335095554193,3374.623312389165,3071.0369086108376,3450.5199133337474,2995.1403076662555,NaN,NaN,NaN,NaN,NaN,NaN,NaN,NaN,25209325,23047267.65,53.86203575947584
1652832000,3386.66328,3409.99659,3326.66334,3376.66329,3235.6634310000013,3314.7209961717626,3156.60586582824,3393.778561343524,3077.5483006564787,3472.8361265152857,2998.490735484717,NaN,NaN,NaN,NaN,NaN,NaN,NaN,NaN,20880920,23018632.6,54.6792004975403
1652918400,3246.66342,3293.33004,3159.99684,3209.99679,3239.8300935000016,3315.140302274166,3164.519884725837,3390.45051104833,3089.209675951673,3465.760719822494,3013.899467177509,NaN,NaN,NaN,NaN,NaN,NaN,NaN,NaN,33147033,23911403.5,47.18003577821752
1653004800,3249.99675,3346.66332,3233.3301,3329.99667,3246.6634200000017,3323.6265377036334,3169.70030229637,3400.589655407265,3092.7371845927382,3477.552773110897,3015.7740668891065,NaN,NaN,NaN,NaN,NaN,NaN,NaN,NaN,26471126,24333938.9,52.25714285197532
1653264000,3376.66329,3416.66325,3353.32998,3413.32992,3252.1634145000016,3336.551816687936,3167.7750123120672,3420.9402188758704,3083.386610124133,3505.328621063805,2998.9982079361985,NaN,NaN,NaN,NaN,NaN,NaN,NaN,NaN,22125922,24213773.8,55.45898915033645
1653350400,3433.3299,3509.99649,3403.32993,3456.66321,3260.163406500001,3355.291733342413,3165.0350796575894,3450.4200601848247,3069.9067528151777,3545.5483870272365,2974.778425972766,NaN,NaN,NaN,NaN,NaN,NaN,NaN,NaN,25661725,24429819,57.07122508405359
1653436800,3493.32984,3559.99644,3443.32989,3546.66312,3270.6633960000013,3383.582132998519,3157.744659001484,3496.500869997036,3044.8259220029668,3609.4196069955533,2931.9071850044493,NaN,NaN,NaN,NaN,NaN,NaN,NaN,NaN,20455220,24455784.05,60.286456673943384
1653523200,3533.3298,3589.99641,3486.66318,3543.32979,3285.330048000001,3412.7330428331534,3157.927053166849,3540.136037666305,3030.524058333697,3667.5390324994573,2903.121063500545,NaN,NaN,NaN,NaN,NaN,NaN,NaN,NaN,21050721,24553329.15,60.106896923913574
1653609600,3699.9963,3839.99616,3676.66299,3769.99623,3316.4966835000014,3477.877627305044,3155.115739694959,3639.258571110087,2993.734795889916,3800.6395149151294,2832.3538520848733,NaN,NaN,NaN,NaN,NaN,NaN,NaN,NaN,48388548,26162965.75,67.25009744042599
1653868800,3833.3295,3836.66283,3589.99641,3643.32969,3343.496656500001,3511.97159334051,3175.0217196594917,3680.446530181019,3006.5467828189826,3848.9214670215283,2838.0718459784734,NaN,NaN,NaN,NaN,NaN,NaN,NaN,NaN,41110841,27393477,60.70822699898503
1653955200,3629.99637,3679.99632,3559.99644,3566.6631,3358.1633085000017,3532.555651148765,3183.7709658512385,3706.947993797528,3009.3786232024754,3881.340336446291,2834.9862805537123,NaN,NaN,NaN,NaN,NaN,NaN,NaN,NaN,25434625,27158996.75,57.088415675180975
1654041600,3586.66308,3669.99633,3563.32977,3626.66304,3381.8299515000012,3558.9156763562446,3204.744226643758,3736.001401212488,3027.6585017875145,3913.0871260687313,2850.572776931271,NaN,NaN,NaN,NaN,NaN,NaN,NaN,NaN,21512421,26432711,59.14169522199717
1654128000,3649.99635,3673.32966,3553.32978,3589.99641,3398.1632685000013,3578.599210956275,3217.7273260437278,3759.035153412549,3037.2913835874538,3939.4710958688224,2856.85544113118,NaN,NaN,NaN,NaN,NaN,NaN,NaN,NaN,16820716,26157730.7,57.33615583394571
1654214400,3616.66305,3626.66304,3539.99646,3613.32972,3415.3299180000017,3599.0577941865677,3231.602041813436,3782.7856703731336,3047.87416562687,3966.5135465596995,2864.146289440304,NaN,NaN,NaN,NaN,NaN,NaN,NaN,NaN,15254715,25846300.4,58.210476326056494
1654473600,3616.66305,3659.99634,3563.32977,3563.32977,3431.496568500001,3613.300539563704,3249.692597436298,3795.1045106274073,3067.888626372595,3976.9084816911104,2886.084655308892,NaN,NaN,NaN,NaN,NaN,NaN,NaN,NaN,12776412,24806649.35,55.58189207206223
1654560000,3566.6631,3593.32974,3519.99648,3583.32975,3456.1632105000012,3622.7939567007334,3289.532464299269,3789.424702901465,3122.9017180985375,3956.0554491021967,2956.270971897806,NaN,NaN,NaN,NaN,NaN,NaN,NaN,NaN,13580713,23747558.3,56.429429086631266
1654646400,3573.32976,3579.99642,3509.99649,3529.99647,3469.8298635000015,3630.645245741967,3309.014481258036,3791.4606279839327,3148.1990990160702,3952.276010225898,2987.383716774105,NaN,NaN,NaN,NaN,NaN,NaN,NaN,NaN,15138015,23052157.6,53.497934800538
1654732800,3359.99664,3386.66328,3269.99673,3283.33005,3473.6631930000017,3628.97956037896,3318.3468256210435,3784.295927757918,3163.0304582420854,3939.612295136876,3007.7140908631272,NaN,NaN,NaN,NaN,NaN,NaN,NaN,NaN,35132735,23762333.35,42.50085285813353
1654819200,3233.3301,3306.66336,3189.99681,3269.99673,3475.496524500001,3628.1589445627205,3322.834104437282,3780.82136462544,3170.1716843745626,3933.483784688159,3017.5092643118433,NaN,NaN,NaN,NaN,NaN,NaN,NaN,NaN,24948624,24242048.8,41.99829615425751
1655078400,3169.99683,3233.3301,3166.6635,3176.66349,3472.496527500002,3630.3249510852543,3314.6681039147493,3788.153374670507,3156.8396803294963,3945.9817982557597,2999.011256744244,NaN,NaN,NaN,NaN,NaN,NaN,NaN,NaN,16185616,24064298.65,38.56098921062028
1655164800,3129.99687,3233.3301,3069.99693,3219.99678,3465.6632010000017,3631.132401611206,3300.194000388797,3796.6016022224107,3134.7247997775926,3962.0708028336153,2969.255599166388,NaN,NaN,NaN,NaN,NaN,NaN,NaN,NaN,20583620,23833013.4,40.9763537340244
1655251200,3256.66341,3269.99673,3203.33013,3226.66344,3458.163208500001,3630.7430495690396,3285.5833674309624,3803.322890638078,3113.003526361924,3975.902731707117,2940.4236852928852,NaN,NaN,NaN,NaN,NaN,NaN,NaN,NaN,11264411,23352187.95,41.35831230159714
1655337600,3249.99675,3263.33007,3176.66349,3186.66348,3456.996543000001,3631.3201415179524,3282.67294448205,3805.643740035904,3108.349345964098,3979.9673385538554,2934.025747446147,NaN,NaN,NaN,NaN,NaN,NaN,NaN,NaN,12073212,22298496.9,39.698348584514214
1655424000,3099.9969,3146.66352,3073.33026,3106.66356,3445.8298875000014,3634.4942306254948,3257.165544374508,3823.158573750988,3068.5012012490147,4011.822916876481,2879.836858123522,NaN,NaN,NaN,NaN,NaN,NaN,NaN,NaN,16018516,21775866.4,36.539605391027905
1655683200,3103.33023,3123.33021,2999.997,3026.66364,3426.4965735000014,3636.1454754635915,3216.8476715364113,3845.7943774271816,3007.198769572821,4055.4432793907717,2797.549867609231,NaN,NaN,NaN,NaN,NaN,NaN,NaN,NaN,17611817,21550161.15,33.65567443037109
1655769600,3083.33025,3143.33019,3056.66361,3119.99688,3409.6632570000015,3629.483418400275,3189.8430955997283,3849.3035798005485,2970.0229341994545,4069.1237412008218,2750.2027727991813,NaN,NaN,NaN,NaN,NaN,NaN,NaN,NaN,12078012,20870975.5,39.64108447004678
1655856000,3136.66353,3139.99686,3039.99696,3046.66362,3384.6632820000013,3615.63058121798,3153.695982782023,3846.5978804359584,2922.7286835640443,4077.565179653937,2691.761384346066,NaN,NaN,NaN,NaN,NaN,NaN,NaN,NaN,11478611,20422145.05,36.82959536754808
1655942400,3036.66363,3066.6636,2933.3304,2986.66368,3356.829976500001,3600.2075258642676,3113.4524271357345,3843.5850752285337,2870.0748777714684,4086.9626245928002,2626.697328407202,NaN,NaN,NaN,NaN,NaN,NaN,NaN,NaN,21674721,20453345.05,34.663405064972
1656028800,2983.33035,3049.99695,2949.99705,3046.66362,3320.663346000001,3553.471093200331,3087.8555987996715,3786.2788404006606,2855.047851599342,4019.0865876009902,2622.240104399012,NaN,NaN,NaN,NaN,NaN,NaN,NaN,NaN,13522813,18710058.3,38.55536458758203
1656288000,3096.66357,3223.33011,3089.99691,3209.99679,3298.9967010000014,3520.6646497527836,3077.328752247219,3742.3325985055653,2855.6608034944375,3964.0005472583475,2633.9928547416553,NaN,NaN,NaN,NaN,NaN,NaN,NaN,NaN,18061518,17557592.15,47.6902431323786
1656374400,3219.99678,3266.6634,3179.99682,3216.66345,3281.4967185000014,3495.008084169599,3067.985352830404,3708.519449839197,2854.473987160806,3922.030815508795,2640.9626214912078,NaN,NaN,NaN,NaN,NaN,NaN,NaN,NaN,14137514,16992736.6,48.02986158454688
1656460800,3166.6635,3193.33014,3126.66354,3146.66352,3257.4967425000013,3457.4045075270033,3057.5889774729994,3657.3122725540056,2857.681212445997,3857.2200375810075,2657.773447418995,NaN,NaN,NaN,NaN,NaN,NaN,NaN,NaN,13018813,16568056.2,44.74492955332276
1656547200,3159.99684,3183.33015,3083.33025,3089.99691,3232.4967675000016,3420.1483702591686,3044.8451647408347,3607.799973018336,2857.1935619816672,3795.451575777503,2669.5419592225003,NaN,NaN,NaN,NaN,NaN,NaN,NaN,NaN,11799311,16316985.95,42.22713122543159
1656633600,3089.99691,3109.99689,3026.66364,3043.33029,3203.9967960000013,3374.109660203681,3033.8839317963216,3544.2225244073607,2863.771067592642,3714.3353886110403,2693.658203388962,NaN,NaN,NaN,NaN,NaN,NaN,NaN,NaN,12999312,16204215.8,40.21996826790875
1656892800,3026.66364,3079.99692,2986.66368,3079.99692,3179.830153500001,3330.386286254781,3029.2740207452207,3480.942419009562,2878.71788799044,3631.4985517643427,2728.1617552356593,NaN,NaN,NaN,NaN,NaN,NaN,NaN,NaN,11028011,16116795.75,42.53134850133877
1656979200,3123.33021,3126.66354,3006.66366,3029.99697,3152.163514500001,3274.16191252892,3030.165116471082,3396.160310557839,2908.166718442163,3518.1587085867577,2786.168320413244,NaN,NaN,NaN,NaN,NaN,NaN,NaN,NaN,12722412,16073880.7,40.24615536798302
1657065600,2993.33034,3066.6636,2959.99704,3063.33027,3128.830204500001,3215.9843548279964,3041.6760541720055,3303.1385051559923,2954.5219038440096,3390.292655483988,2867.367753516014,NaN,NaN,NaN,NaN,NaN,NaN,NaN,NaN,15681315,16101045.7,42.465553033771776
1657152000,3013.33032,3076.66359,2983.33035,3059.99694,3117.663549000001,3198.3762650145795,3036.950832985422,3279.088981029158,2956.2381169708437,3359.8016970437366,2875.525400956265,NaN,NaN,NaN,NaN,NaN,NaN,NaN,NaN,15563715,15122594.7,42.29636990575515
1657238400,3109.99689,3189.99681,3073.33026,3113.33022,3109.830223500001,3182.589075355921,3037.071371644081,3255.347927211841,2964.312519788161,3328.1067790677616,2891.5536679322404,NaN,NaN,NaN,NaN,NaN,NaN,NaN,NaN,19525819,14851454.45,46.003122326562114
1657497600,3163.33017,3163.33017,3086.66358,3099.9969,3105.996894000001,3177.135185695396,3034.8586023046055,3248.2734773907914,2963.72031060921,3319.4117690861867,2892.582018913815,NaN,NaN,NaN,NaN,NaN,NaN,NaN,NaN,9147909,14499569.1,45.22103431591649
1657584000,3119.99688,3139.99686,3063.33027,3083.33025,3099.1635675000007,3165.419528223503,3032.907606776498,3231.675488947006,2966.651646052995,3297.9314496705088,2900.3956853294926,NaN,NaN,NaN,NaN,NaN,NaN,NaN,NaN,8566508,13898713.5,44.209276830198796
1657670400,3083.33025,3116.66355,3079.99692,3106.66356,3093.163573500001,3152.6938517069048,3033.633295293097,3212.2241299138086,2974.103017086193,3271.7544081207125,2914.5727388792893,NaN,NaN,NaN,NaN,NaN,NaN,NaN,NaN,6365706,13653778.25,46.029826239790495
1657756800,3116.66355,3179.99682,3093.33024,3169.99683,3092.3302410000015,3150.650181155823,3034.01030084418,3208.9701213116446,2975.6903606883584,3267.290061467466,2917.370420532537,NaN,NaN,NaN,NaN,NaN,NaN,NaN,NaN,10423510,13571293.15,50.72949982046428
1657843200,3176.66349,3209.99679,3113.33022,3176.66349,3095.830237500001,3156.939140999793,3034.7213340002095,3218.048044499584,2973.612430500418,3279.156947999376,2912.5035270006265,NaN,NaN,NaN,NaN,NaN,NaN,NaN,NaN,9915009,13266117.8,51.211110259454955
1658188800,3209.99679,3293.33004,3209.99679,3286.66338,3108.8302245000013,3180.5725546007043,3037.0878943992984,3252.3148847014068,2965.345564298596,3324.0572148021097,2893.603234197893,NaN,NaN,NaN,NaN,NaN,NaN,NaN,NaN,14985614,13134807.65,58.43123456465283
1658275200,3329.99667,3329.99667,3259.99674,3296.66337,3117.6635490000012,3200.2877834849623,3035.03931451504,3282.9120179699235,2952.415080030079,3365.5362524548846,2869.790845545118,NaN,NaN,NaN,NaN,NaN,NaN,NaN,NaN,13555213,13208667.7,59.02489190973038
1658361600,3296.66337,3339.99666,3279.99672,3319.99668,3131.330202000001,3223.171761324284,3039.488642675718,3315.0133206485675,2947.6470833514345,3406.8548799728505,2855.8055240271515,NaN,NaN,NaN,NaN,NaN,NaN,NaN,NaN,9995709,13134522.6,60.444400921931525
1658448000,3493.32984,3516.66315,3429.99657,3453.32988,3154.663512000001,3264.336654408648,3044.990369591354,3374.009796817295,2935.317227182707,3483.6829392259424,2825.6440847740596,NaN,NaN,NaN,NaN,NaN,NaN,NaN,NaN,30642330,13582903.05,67.39535153770724
1658707200,3453.32988,3466.6632,3406.66326,3439.99656,3174.330159000001,3297.3300359999853,3051.3302820000167,3420.3299129999696,2928.3304050000324,3543.3297899999543,2805.3305280000477,NaN,NaN,NaN,NaN,NaN,NaN,NaN,NaN,9804909,13397007.85,66.14362654738608
1658793600,3393.32994,3399.9966,3343.32999,3373.32996,3182.496817500001,3312.7992197898925,3052.194415210109,3443.101622079784,2921.8920129202174,3573.404024369676,2791.5896106303258,NaN,NaN,NaN,NaN,NaN,NaN,NaN,NaN,11577311,13072797.5,60.130145804454436
1658880000,3379.99662,3426.66324,3379.99662,3419.99658,3192.6634740000004,3332.7966037683964,3052.5303442316044,3472.9297335367924,2912.3972144632085,3613.0628633051883,2772.2640846948125,NaN,NaN,NaN,NaN,NaN,NaN,NaN,NaN,8566208,12794232.2,62.68741244114377
1658966400,3419.99658,3459.99654,3406.66326,3459.99654,3208.3301250000004,3359.5233746032104,3057.1368753967904,3510.7166242064204,2905.9436257935804,3661.9098738096304,2754.7503761903704,NaN,NaN,NaN,NaN,NaN,NaN,NaN,NaN,8574308,12572006.95,64.77307476792645
1659052800,3483.32985,3519.99648,3423.32991,3466.6632,3227.1634395000005,3385.723732082532,3068.603146917469,3544.284024665064,2910.042854334937,3702.8443172475954,2751.4825617524057,NaN,NaN,NaN,NaN,NaN,NaN,NaN,NaN,17355917,12849837.25,65.12298877134384
1659312000,3506.66316,3576.66309,3496.66317,3573.32976,3253.6634130000007,3423.1949514169846,3084.1318745830167,3592.726489833969,2914.6003361660323,3762.258028250953,2745.0687977490484,NaN,NaN,NaN,NaN,NaN,NaN,NaN,NaN,15012615,12950502.4,70.22000355361067
1659398400,3583.32975,3596.66307,3539.99646,3583.32975,3278.8300545000006,3457.809312576582,3099.850796423419,3636.7885706531633,2920.871538346838,3815.767828729745,2741.8922802702564,NaN,NaN,NaN,NaN,NaN,NaN,NaN,NaN,12565512,13027377.45,70.65301176251052
1659484800,3599.9964,3663.32967,3556.66311,3583.32975,3306.4966935,3487.6271435601157,3125.366243439885,3668.757593620231,2944.2357933797693,3849.8880436803465,2763.105343319654,NaN,NaN,NaN,NaN,NaN,NaN,NaN,NaN,30146730,13898593.35,70.65301176251052
1659571200,3599.9964,3673.32966,3556.66311,3646.66302,3335.6633310000007,3522.1752829072616,3149.1513790927397,3708.6872348145225,2962.639427185479,3895.199186721783,2776.1274752782183,NaN,NaN,NaN,NaN,NaN,3656.315788125,3668.46855375,3600.41306625,19068319,14067943.55,73.48484321208538
1659657600,3633.3297,3683.32965,3606.66306,3643.32969,3364.8299685000006,3551.563326333753,3178.096610666248,3738.296684167505,2991.363252832496,3925.0300420012577,2804.6298949987436,NaN,NaN,NaN,NaN,NaN,3643.7463562499997,3672.774105,3614.7186075,15696615,14074588.55,73.08511584340218
1659916800,3643.32969,3643.32969,3563.32977,3589.99641,3388.663278,3572.167257330865,3205.159298669135,3755.6712366617303,3021.6553193382697,3939.1752159925954,2838.1513400074045,NaN,NaN,NaN,NaN,NaN,3638.46858375,3662.2185600000003,3593.6075175,15323715,13864483.35,66.82200257979369
1660003200,3576.66309,3649.99635,3563.32977,3633.3297,3415.3299180000004,3593.6253743490065,3237.034461650994,3771.9208306980127,3058.739005301988,3950.216287047019,2880.443548952982,NaN,NaN,NaN,NaN,NaN,3638.46858375,3662.2185600000003,3593.6075175,11264411,13970308.45,69.13629106066253
1660089600,3636.66303,3649.99635,3586.66308,3619.99638,3442.1632245,3608.4535503543725,3275.8728986456276,3774.743876208745,3109.582572791255,3941.0342020631174,2943.2922469368827,NaN,NaN,NaN,NaN,NaN,3638.46858375,3656.9407875,3593.6075175,9201009,14002033.5,67.57439962731584
1660262400,3633.3297,3696.66297,3626.66304,3679.99632,3470.8298625,3625.848971516616,3315.8107534833844,3780.868080533232,3160.7916444667685,3935.887189549848,3005.7725354501526,NaN,NaN,NaN,NaN,NaN,3641.2463587499997,3661.663005,3591.663075,15378615,14452678.95,70.77410361772473
1660521600,3643.32969,3646.66302,3536.66313,3586.66308,3491.663175,3632.172029853505,3351.154320146495,3772.68088470701,3210.64546529299,3913.189739560515,3070.136610439485,NaN,NaN,NaN,NaN,NaN,3639.99636,3656.6630099999998,3583.32975,18420318,14852519.35,60.734284149732765
1660608000,3523.32981,3523.32981,3433.3299,3439.99656,3504.8298284999996,3626.2448580706136,3383.4147989293856,3747.6598876412277,3261.9997693587716,3869.0749172118412,3140.584739788158,NaN,NaN,NaN,NaN,NaN,3636.3158081250003,3663.74633625,3564.996435,21866121,15450074.95,48.97665026094965
1660694400,3459.99654,3549.99645,3456.66321,3549.99645,3517.996482,3628.858648060267,3407.134315939733,3739.7208141205338,3296.2721498794663,3850.582980180801,3185.409983819199,NaN,NaN,NaN,NaN,NaN,3636.3158081250003,3696.66297,3564.996435,16300216,15515805.05,55.87598183839884
1660780800,3496.66317,3573.32976,3486.66318,3549.99645,3530.663136,3629.3128106788104,3432.01346132119,3727.962485357621,3333.363786642379,3826.6121600364313,3234.714111963569,NaN,NaN,NaN,NaN,NaN,3636.3158081250003,3685.69075875,3543.0520125000003,11097311,15392909.95,55.87598183839885
1660867200,3576.66309,3609.99639,3563.32977,3573.32976,3543.3297900000007,3629.6044586268545,3457.055121373147,3715.8791272537087,3370.7804527462927,3802.1537958805625,3284.505784119439,NaN,NaN,NaN,NaN,NaN,3592.426963125,3674.7185474999997,3543.0520125000003,9870909,15386669.95,57.29652595138979
1661126400,3503.32983,3576.66309,3489.99651,3569.99643,3549.1631175,3633.066913787174,3465.2593212128263,3716.9707100743485,3381.355524925652,3800.8745063615224,3297.451728638478,NaN,NaN,NaN,NaN,NaN,3592.426963125,3674.7185474999997,3543.0520125000003,10055410,14357323.95,57.01413624453839
1661212800,3593.32974,3653.32968,3586.66308,3606.66306,3557.4964425000007,3638.3657693884707,3476.627115611531,3719.2350962769406,3395.757788723061,3800.10442316541,3314.8884618345915,NaN,NaN,NaN,NaN,NaN,3592.426963125,3674.7185474999997,3543.0520125000003,13219813,14528069.15,59.38540133089735
1661299200,3583.32975,3599.9964,3563.32977,3569.99643,3567.3297660000003,3636.287010731027,3498.3725212689737,3705.244255462054,3429.4152765379467,3774.2015001930804,3360.45803180692,NaN,NaN,NaN,NaN,NaN,3592.426963125,3663.74633625,3543.0520125000003,9993609,14448884.05,56.05531183449932
1661385600,3573.32976,3599.9964,3543.32979,3599.9964,3576.3297570000004,3636.6796022930375,3515.9799117069633,3697.029447586074,3455.6300664139267,3757.3792928791113,3395.2802211208896,NaN,NaN,NaN,NaN,NaN,3592.426963125,3663.74633625,3543.0520125000003,8049008,14423024.05,58.124367145813615
1661472000,3603.32973,3646.66302,3599.9964,3636.66303,3585.1630815000003,3640.5653425354512,3529.7608204645494,3695.9676035709026,3474.358559429098,3751.3698646063535,3418.956298393647,NaN,NaN,NaN,NaN,NaN,3592.426963125,3663.74633625,3554.02422375,11192411,14553929.2,60.568071117038805
1661731200,3549.99645,3606.66306,3549.99645,3563.32977,3589.9964100000007,3638.6561782097274,3541.336641790274,3687.3159464194546,3492.6768735805467,3735.9757146291813,3444.01710537082,NaN,NaN,NaN,NaN,NaN,3592.426963125,3652.774125,3554.02422375,14610614,14416664.05,53.80526876167747
1661817600,3583.32975,3639.99636,3576.66309,3586.66308,3590.6630760000007,3639.1810653647954,3542.145086635206,3687.69905472959,3493.6270972704115,3736.217044094385,3445.1091079056164,NaN,NaN,NaN,NaN,NaN,3592.426963125,3652.774125,3554.02422375,12567912,14294428.9,55.50754246150834
1661904000,3566.6631,3573.32976,3509.99649,3563.32977,3589.663077,3638.5267843024485,3540.799369697552,3687.390491604897,3491.9356623951035,3736.254198907345,3443.071955092655,NaN,NaN,NaN,NaN,NaN,3592.426963125,3652.774125,3554.02422375,18839118,14608109.2,53.3888299504555
1661990400,3536.66313,3539.99646,3456.66321,3456.66321,3583.329750000001,3640.1627821204324,3526.496717879569,3696.9958142408645,3469.663685759137,3753.828846361296,3412.8306536387054,NaN,NaN,NaN,NaN,NaN,3592.426963125,3652.774125,3532.07980125,20491520,14125348.7,44.943386692554654
1662076800,3456.66321,3506.66316,3423.32991,3426.66324,3572.329761000001,3636.6388458584947,3508.020676141507,3700.947930716988,3443.7115912830136,3765.257015575482,3379.4025064245197,NaN,NaN,NaN,NaN,NaN,3588.4686337499998,3651.1074599999997,3525.8298075,14574314,13900648.45,42.888489897630116
1662336000,3399.9966,3469.99653,3353.32998,3446.66322,3562.4964375000004,3630.1464088579287,3494.846466142072,3697.7963802158574,3427.1964947841434,3765.4463515737857,3359.546523426215,NaN,NaN,NaN,NaN,NaN,3589.371410625,3653.74634625,3510.69093375,16014316,13916533.5,44.70364664901283
1662422400,3449.99655,3473.32986,3379.99662,3409.99659,3553.4964465000003,3628.466550786505,3478.5263422134954,3703.43665507301,3403.5562379269904,3778.4067593595146,3328.586133640486,NaN,NaN,NaN,NaN,NaN,3589.371410625,3653.74634625,3496.3853925,14513114,13876003.45,42.064106466168504
1662508800,3356.66331,3359.99664,3136.66353,3139.99686,3528.8298045,3643.9058719195077,3413.7537370804926,3758.9819393390153,3298.677669660985,3874.058006758523,3183.6016022414774,NaN,NaN,NaN,NaN,NaN,3591.663075,3649.99635,3463.3298699999996,46263646,15625965.2,28.649469420267963
1662595200,3189.99681,3259.99674,3143.33019,3246.66342,3510.1631565000002,3638.457286326167,3381.8690266738336,3766.751416152334,3253.5748968476664,3895.0455459785007,3125.2807670214997,NaN,NaN,NaN,NaN,NaN,3591.663075,3649.99635,3439.9965599999996,26642126,16498021.05,37.17375524324402
1662681600,3253.33008,3376.66329,3249.99675,3366.6633,3494.4965055000007,3620.2000657671997,3368.7929452328017,3745.903626034399,3243.089384965602,3871.6071863015986,3117.3858246984028,NaN,NaN,NaN,NaN,NaN,3591.663075,3673.32966,3439.9965599999996,24453024,16951741.5,45.11760557052479
1662940800,3376.66329,3416.66325,3299.9967,3333.33,3481.829851500001,3610.3403148572365,3353.3193881427655,3738.850778214472,3224.80892478553,3867.3612415717075,3096.2984614282946,NaN,NaN,NaN,NaN,NaN,3591.663075,3673.32966,3416.6632499999996,15111015,16786276.35,43.47325544192886
1663027200,3336.66333,3416.66325,3333.33,3366.6633,3478.1631885,3608.8427978125374,3347.483579187463,3739.522407125074,3216.803969874926,3870.2020164376113,3086.124360562389,NaN,NaN,NaN,NaN,NaN,3591.663075,3673.32966,3393.3299399999996,14965814,16441261,45.60810429366646
1663113600,3266.6634,3376.66329,3266.6634,3363.32997,3468.8298645000004,3600.7062531518445,3336.9534758481564,3732.582641803688,3205.0770871963127,3864.4590304555322,3073.2006985444687,NaN,NaN,NaN,NaN,NaN,3591.663075,3673.32966,3393.3299399999996,15821115,16417305.95,45.423357430789885
1663200000,3349.99665,3369.99663,3326.66334,3346.66332,3458.6632080000004,3591.722794197809,3325.603621802192,3724.7823803956176,3192.544035604383,3857.841966593426,3059.4844494065746,NaN,NaN,NaN,NaN,NaN,3591.663075,3673.32966,3369.9966299999996,9921009,16358490.85,44.45374517835179
1663286400,3283.33005,3293.33004,3239.99676,3263.33007,3443.1632235000006,3579.965762921961,3306.3606840780403,3716.768302343921,3169.5581446560805,3853.570841765881,3032.75560523412,NaN,NaN,NaN,NaN,NaN,3591.663075,3673.32966,3369.9966299999996,16137316,16671811.2,39.87095296167089
1663632000,3199.9968,3233.3301,3133.3302,3199.9968,3424.663242,3567.9281987728755,3281.3982852271247,3711.1931555457504,3138.1333284542497,3854.458112318626,2994.8683716813744,NaN,NaN,NaN,NaN,NaN,3591.0380756249997,3673.1907712499997,3344.5799887499998,23614223,17349751.85,36.768560646371554
1663718400,3196.66347,3253.33008,3173.33016,3243.33009,3406.4965935,3548.562457220057,3264.4307297799432,3690.628320940113,3122.364866059887,3832.69418466017,2980.29900233983,NaN,NaN,NaN,NaN,NaN,3591.0380756249997,3673.1907712499997,3344.5799887499998,15194115,17448466.95,40.19730638286509
1663804800,3193.33014,3219.99678,3169.99683,3203.33013,3388.1632785,3531.599047969859,3244.7275090301414,3675.0348174397177,3101.2917395602826,3818.470586909577,2957.8559700904234,NaN,NaN,NaN,NaN,NaN,3591.0380756249997,3673.1907712499997,3321.10779,14376614,17667617.2,38.14131876481511
1664150400,3163.33017,3179.99682,3106.66356,3119.99688,3364.1633025,3510.279073077359,3218.047531922641,3656.3948436547184,3071.9317613452818,3802.5106142320774,2925.815990767923,NaN,NaN,NaN,NaN,NaN,3586.0380806249996,3672.07966125,3303.33003,20763920,18303362.8,34.215016402399854
1664236800,3163.33017,3189.99681,3063.33027,3089.99691,3336.8299965000006,3480.525035589615,3193.134957410386,3624.2200746792296,3049.4399183207715,3767.915113768844,2905.744879231157,NaN,NaN,NaN,NaN,NaN,3577.91308875,3670.2741075,3274.44117,20408720,18764178.25,32.90192043310154
1664323200,3073.33026,3079.99692,2969.99703,2969.99703,3307.1633595000008,3461.861028531757,3152.4656904682447,3616.558697563513,2997.7680214364887,3771.2563665952694,2843.070352404732,NaN,NaN,NaN,NaN,NaN,3590.69085375,3666.3852225,3272.774505,35637935,19815544.3,28.2342457416961
1664409600,2587,2730,2422,2500,3252.830205500001,3475.6505522779794,3030.0098587220223,3698.4708990559575,2807.189511944044,3921.291245833936,2584.3691651660656,NaN,NaN,NaN,NaN,NaN,3616.9965343749996,3696.66297,3271.775313333333,49677500,21671023.7,17.66426966687824
1664496000,2480,2538,2451,2467,3198.0137170000007,3467.6431221895346,2928.384311810467,3737.272527379069,2658.7549066209326,4006.9019325686027,2389.125501431399,NaN,NaN,NaN,NaN,NaN,3616.9965343749996,3696.66297,3218.66435625,23878700,21923002.8,17.17800354685886
1664755200,2429,2612,2422,2599,3155.130556500001,3447.460753938855,2862.8003590611474,3739.7909513777086,2570.4701616222937,4032.1211488165627,2278.1399641834396,NaN,NaN,NaN,NaN,NaN,3616.9965343749996,3696.66297,3218.66435625,23007900,22048821.8,25.95812291985584
1664841600,2677,2680,2560,2609,3114.247394500001,3422.487464455608,2806.007324544394,3730.7275344112145,2497.7672545887876,4038.9676043668214,2189.5271846331807,NaN,NaN,NaN,NaN,NaN,3616.9965343749996,3696.66297,3218.66435625,18000000,22220106.1,26.59301928278785
1664928000,2656,2717,2591,2610,3072.4142335000015,3389.353005280677,2755.475461719326,3706.2917770613526,2438.5366899386504,4023.230548842028,2121.597918157975,NaN,NaN,NaN,NaN,NaN,3616.9965343749996,3696.66297,3218.66435625,21589000,22498840.3,26.66074390681237
1665014400,2624,2665,2576,2631,3033.464404000001,3354.365213823815,2712.5635941761875,3675.2660236476286,2391.662784352374,3996.1668334714427,2070.7619745285597,NaN,NaN,NaN,NaN,NaN,3616.9965343749996,3696.66297,3165.5533991666666,18824900,22714429.6,28.15967445598737
1665100800,2600,2638,2560,2563,3004.6145610000012,3340.2399412484856,2668.989180751517,3675.86532149697,2333.3638005030325,4011.4907017454548,1997.7384202545477,NaN,NaN,NaN,NaN,NaN,3616.9965343749996,3696.66297,3165.5533991666666,16354300,21218962.3,26.286202642916408
1665446400,2555,2626,2551,2578,2971.181390000001,3314.2516971085097,2628.1110828914925,3657.3220042170183,2285.040775782984,4000.392311325527,1941.9704686744756,NaN,NaN,NaN,NaN,NaN,3616.9965343749996,3696.66297,3165.5533991666666,14171400,20595426,27.43310151344896
1665532800,2560,2599,2514,2595,2932.5982250000015,3272.398018776218,2592.798431223785,3612.1978125524342,2252.998637447569,3951.997606328651,1913.1988436713523,NaN,NaN,NaN,NaN,NaN,3616.9965343749996,3696.66297,3165.5533991666666,10081500,19876849.8,28.785446337124725
1665619200,2586,2642,2576,2608,2896.331725000002,3230.079449242481,2562.5840007575225,3563.82717348496,2228.8362765150437,3897.5748977274393,1895.0885522725644,NaN,NaN,NaN,NaN,NaN,3616.9965343749996,3696.66297,3112.4424420833334,12067800,19724689.05,29.861867417500648
1665705600,2655,2674,2611,2650,2860.4985600000014,3179.9933238664753,2541.0037961335274,3499.4880877329488,2221.509032267054,3818.9828515994227,1902.01426840058,NaN,NaN,NaN,NaN,NaN,3616.9965343749996,3696.66297,3112.4424420833334,13475300,19650163.35,33.36614881835486
1665964800,2664,2750,2653,2701,2827.382061500002,3126.7317230217154,2528.032399978288,3426.0813845434295,2228.682738456574,3725.431046065143,1929.3330769348604,NaN,NaN,NaN,NaN,NaN,3616.9965343749996,3696.66297,3059.3314849999997,18277100,19772962.6,37.45271738732286
1666051200,2700,2732,2667,2732,2796.648895500002,3071.672399899378,2521.6253911006256,3346.695904298754,2246.6018867012494,3621.719408698131,1971.578382301873,NaN,NaN,NaN,NaN,NaN,3616.9965343749996,3696.66297,3006.2205279166665,13346900,19944257.15,39.866812101179754
1666137600,2715,2744,2672,2725,2769.732392000002,3023.2684685081185,2516.196315491886,3276.8045450162344,2262.66023898377,3530.340621524351,2009.1241624756535,NaN,NaN,NaN,NaN,NaN,3616.9965343749996,3696.66297,3006.2205279166665,12339300,19754356.35,39.496113243552614
1666224000,2700,2722,2663,2685,2743.982552000002,2977.9058165638876,2510.059287436117,3211.829081127773,2276.1360228722315,3445.7523456916583,2042.212758308346,NaN,NaN,NaN,NaN,NaN,3616.9965343749996,3696.66297,2740.6657425,10830000,19115145.2,37.358422379850616
1666310400,2695,2715,2661,2679,2715.766047500002,2919.892628316704,2511.6394666833003,3124.019209133405,2307.512885866599,3328.1457899501065,2103.3863050498976,NaN,NaN,NaN,NaN,NaN,3616.9965343749996,3696.66297,2740.6657425,8660200,18788449.45,37.034624182946665
1666569600,2727,2809,2725,2778,2694.499541000002,2866.3224533609255,2522.6766286390784,3038.145365721849,2350.853716278155,3209.968278082773,2179.030803917231,NaN,NaN,NaN,NaN,NaN,3616.9965343749996,3696.66297,2740.6657425,16091600,18874198.75,45.43784943752716
1666656000,2789,2873,2763,2860,2681.499697000002,2828.711238972163,2534.288155027841,2975.9227809443237,2387.0766130556804,3123.134322916485,2239.865071083519,NaN,NaN,NaN,NaN,NaN,3616.9965343749996,3696.66297,2740.6657425,16864600,18679232.75,51.24217627788998
1666742400,2820,2835,2768,2783,2666.149851500002,2782.7999147531436,2549.4997882468606,2899.4499780062847,2432.8497249937195,3016.1000412594262,2316.199661740578,NaN,NaN,NaN,NaN,NaN,3616.9965343749996,3696.66297,2793.776699583333,14251300,18371361.75,46.26508815817425
1666828800,2735,2777,2710,2711,2653.200000000002,2747.666713714376,2558.7332862856283,2842.1334274287497,2464.2665725712545,2936.6001411431234,2369.7998588568807,NaN,NaN,NaN,NaN,NaN,3616.9965343749996,3696.66297,2740.6657425,11130500,17145990,42.14315224164041
1666915200,2700,2711,2638,2643,2660.3500000000017,2748.1254379083093,2572.574562091694,2835.9008758166174,2484.799124183386,2923.676313724925,2397.0236862750785,NaN,NaN,NaN,NaN,NaN,3616.9965343749996,3696.66297,2740.6657425,12140400,15269135,38.6415746317655
1667174400,2690,2724,2646.5,2699,2671.9500000000016,2747.946365044628,2595.9536349553755,2823.9427300892535,2519.95726991075,2899.9390951338796,2443.9609048661237,NaN,NaN,NaN,NaN,NaN,3616.9965343749996,3696.66297,2740.6657425,15093100,14829855,42.852682685547116
1667260800,2701,2739.5,2627,2654,2674.7000000000016,2748.9826359251992,2600.417364074804,2823.2652718503973,2526.134728149606,2897.5479077755954,2451.852092224408,NaN,NaN,NaN,NaN,NaN,3616.9965343749996,3696.66297,2740.6657425,13709600,14364940,40.450243046240274
1667347200,2655,2688,2643,2655.5,2677.025000000002,2749.9298137985015,2604.1201862015023,2822.834627597001,2531.2153724030027,2895.7394413955008,2458.310558604503,NaN,NaN,NaN,NaN,NaN,2660.999306875,3431.1081845833332,2422,12123400,14071110,40.56984678300393
1667520000,2629,2630.5,2502,2563,2674.675000000002,2750.405158292423,2598.944841707581,2826.1353165848436,2523.2146834151604,2901.8654748772647,2447.4845251227393,NaN,NaN,NaN,NaN,NaN,2660.999306875,3377.9972275,2422,23812100,14182265,35.7953604720103
1667779200,2611,2653,2595.5,2604,2673.3250000000016,2750.0557426980736,2596.5942573019297,2826.7864853961455,2519.8635146038578,2903.5172280942174,2443.132771905786,NaN,NaN,NaN,NaN,NaN,2607.8883497916668,3377.9972275,2422,13891500,13935595,39.21027822264757
1667865600,2620,2674,2613,2646.5,2677.500000000002,2750.2844420188594,2604.7155579811442,2823.0688840377175,2531.931115962286,2895.853326056575,2459.1466739434286,NaN,NaN,NaN,NaN,NaN,2660.999306875,3377.9972275,2422,13978500,13816805,42.61737155209874
1667952000,2666.5,2701.5,2661.5,2688,2683.000000000002,2752.121812765557,2613.8781872344466,2821.2436255311122,2544.7563744688914,2890.365438296667,2475.6345617033367,NaN,NaN,NaN,NaN,NaN,2660.999306875,3377.9972275,2422,12118700,13714170,45.81116995304154
1668038400,2657.5,2708,2647.5,2692.5,2687.875000000002,2753.991351041151,2621.7586489588525,2820.1077020823,2555.6422979177037,2886.2240531234493,2489.5259468765544,NaN,NaN,NaN,NaN,NaN,2660.999306875,3377.9972275,2422,8763500,13648270,46.16109287934229
1668124800,2740,2759,2671,2728.5,2693.9000000000024,2757.9202311772897,2629.879768822715,2821.9404623545774,2565.8595376454273,2885.9606935318648,2501.83930646814,NaN,NaN,NaN,NaN,NaN,2660.999306875,3377.9972275,2422,13310700,13710415,48.998491263347546
1668384000,2734.5,2745,2691,2718,2697.300000000002,2760.701182954221,2633.898817045783,2824.1023659084403,2570.4976340915637,2887.5035488626595,2507.0964511373445,NaN,NaN,NaN,NaN,NaN,2660.999306875,3377.9972275,2422,10262700,13549785,48.200592232497584
1668470400,2718,2781,2703.5,2781,2701.300000000002,2767.2796180649316,2635.3203819350724,2833.2592361298616,2569.3407638701424,2899.238854194791,2503.361145805213,NaN,NaN,NaN,NaN,NaN,2660.999306875,3324.886270416667,2422,11040100,13187935,53.13206852800902
1668556800,2771.5,2796,2740,2792.5,2704.3250000000025,2772.975614527426,2635.674385472579,2841.6262290548493,2567.023770945156,2910.2768435822727,2498.3731564177324,NaN,NaN,NaN,NaN,NaN,2660.999306875,3324.886270416667,2422,10356000,13038390,53.993096253405675
1668643200,2770,2797.5,2759.5,2783.5,2707.2500000000027,2777.9353061109,2636.5646938891055,2848.6206122217973,2565.879387778208,2919.3059183326945,2495.194081667311,NaN,NaN,NaN,NaN,NaN,2660.999306875,3324.886270416667,2422,6751400,12758995,53.16983810065347
1668729600,2780,2781,2713.5,2716,2708.8000000000025,2779.320103516606,2638.2798964833987,2849.84020703321,2567.759792966795,2920.3603105498137,2497.2396894501912,NaN,NaN,NaN,NaN,NaN,2660.999306875,3324.886270416667,2422,10138600,12724425,47.33981458335294
1668988800,2700,2743.5,2681.5,2743,2712.0000000000027,2782.547324541686,2641.4526754583194,2853.094649083369,2570.9053509166365,2923.6419736250523,2500.358026374953,NaN,NaN,NaN,NaN,NaN,2660.999306875,3324.886270416667,2422,7760200,12679425,49.71495080453992
1669075200,2743,2780,2742.5,2770.5,2711.6250000000027,2781.8396485784124,2641.410351421593,2852.054297156822,2571.1957028431834,2922.2689457352317,2500.981054264774,NaN,NaN,NaN,NaN,NaN,2660.999306875,3324.886270416667,2422,8080300,12278860,52.0853842261154
1669248000,2820.5,2964.5,2819.5,2938,2715.5250000000024,2795.3774381280446,2635.67256187196,2875.2298762560863,2555.8201237439184,2955.0823143841285,2475.9676856158762,NaN,NaN,NaN,NaN,NaN,2660.999306875,3324.886270416667,2422,25336900,12702475,63.40192964961029
1669334400,2920.5,2959.5,2912,2947.5,2723.7500000000027,2817.407554420293,2630.0924455797126,2911.0651088405825,2536.434891159423,3004.7226632608727,2442.777336739133,NaN,NaN,NaN,NaN,NaN,2660.999306875,3324.886270416667,2422,10360200,12507920,63.92237753455398
1669593600,2948.5,2953,2897.5,2934.5,2734.925000000003,2839.133957748316,2630.71604225169,2943.3429154966293,2526.5070845033765,3047.5518732449423,2422.2981267550635,NaN,NaN,NaN,NaN,NaN,2660.999306875,3324.886270416667,2422,12439700,12573380,62.61027107130476
1669680000,2914,2940,2906,2927,2749.1250000000027,2859.0340390959295,2639.215960904076,2968.9430781918563,2529.306921808149,3078.8521172877827,2419.397882712223,NaN,NaN,NaN,NaN,NaN,2660.999306875,3324.886270416667,2422,9595100,12446115,61.821845475982116
1669766400,2937.5,3041,2936,3037,2766.0250000000024,2891.772214183828,2640.2777858161767,3017.5194283676537,2514.530571632351,3143.26664255148,2388.783357448525,NaN,NaN,NaN,NaN,NaN,2660.999306875,3324.886270416667,2422,22799100,12831415,68.15563745171232
1669852800,3084,3111,3022,3077,2787.1750000000025,2927.0779373351124,2647.2720626648925,3066.980874670223,2507.369125329782,3206.883812005333,2367.466187994672,NaN,NaN,NaN,NaN,NaN,2660.999306875,3324.886270416667,2422,16976000,12994735,70.09829733657048
1669939200,3037,3053,2994,3041,2806.4500000000025,2953.2687573166013,2659.631242683404,3100.0875146331996,2512.8124853668055,3246.9062719497983,2365.9937280502068,NaN,NaN,NaN,NaN,NaN,2660.999306875,3324.886270416667,2422,13295800,13053355,66.18493082161658
1670198400,3034,3035,2980,3005,2828.550000000002,2970.236440776785,2686.863559223219,3111.9228815535685,2545.1771184464355,3253.6093223303515,2403.4906776696525,NaN,NaN,NaN,NaN,NaN,2660.999306875,3271.775313333333,2422,11167800,12421140,62.43147478933628
1670284800,2984,3040,2969,3010,2848.850000000002,2985.9194258395796,2711.7805741604247,3122.9888516791575,2574.711148320847,3260.058277518735,2437.6417224812694,NaN,NaN,NaN,NaN,NaN,2660.999306875,3271.775313333333,2422,9209600,12187045,62.747469764365334
1670371200,2981,3015,2977.5,2991.5,2866.100000000002,2998.2387149929677,2733.9612850070366,3130.3774299859333,2601.822570014071,3262.5161449788993,2469.683855021105,NaN,NaN,NaN,NaN,NaN,2660.999306875,3271.775313333333,2422,7897800,11883010,60.7126695871653
1670457600,3003,3036,2983.5,3035,2883.450000000002,3013.834038516962,2753.065961483042,3144.2180770339223,2622.681922966082,3274.6021155508824,2492.2978844491217,NaN,NaN,NaN,NaN,NaN,2660.999306875,3271.775313333333,2422,9520500,11753100,63.6939749651756
1670544000,3034,3067,3030,3041,2900.8750000000023,3027.8173958927528,2773.932604107252,3154.7597917855032,2646.9902082145013,3281.7021876782537,2520.047812321751,NaN,NaN,NaN,NaN,NaN,2660.999306875,3271.775313333333,2422,7926100,11711230,64.09865459591711
1670803200,3050,3106,3046,3076,2918.2500000000023,3044.1875341190794,2792.312465880925,3170.125068238156,2666.3749317618485,3296.062602357233,2540.4373976427714,NaN,NaN,NaN,NaN,NaN,2660.999306875,3271.775313333333,2422,10300300,11560710,66.44802861801153
1670889600,3105,3150,3085,3143,2939.5000000000027,3065.7114297517883,2813.288570248217,3191.9228595035743,2687.077140496431,3318.13428925536,2560.8657107446456,NaN,NaN,NaN,NaN,NaN,2660.999306875,3271.775313333333,2422,12365100,11665830,70.43635635352166
1670976000,3143,3170,3117,3164,2958.6500000000024,3088.367009293279,2828.932990706726,3218.084018586556,2699.215981413449,3347.8010278798324,2569.4989721201723,NaN,NaN,NaN,NaN,NaN,2660.999306875,3271.775313333333,2422,9988400,11613245,71.5768028082614
1671062400,3161,3232,3161,3201,2979.0750000000025,3113.1112147891067,2845.0387852108984,3247.147429578211,2711.002570421794,3381.1836443673146,2576.9663556326905,NaN,NaN,NaN,NaN,NaN,2660.999306875,3271.775313333333,2422,12208700,11705880,73.51535795898285
1671148800,3190,3240,3184,3214,3000.6000000000026,3136.059920271607,2865.140079728398,3271.5198405432116,2729.6801594567937,3406.979760814816,2594.2202391851893,NaN,NaN,NaN,NaN,NaN,2660.999306875,3271.775313333333,2422,13369500,12036785,74.18164312447925
1671408000,3220,3275,3142,3142,3021.9000000000024,3143.7422750936316,2900.057724906373,3265.584550187261,2778.215449812744,3387.4268252808906,2656.373174719114,NaN,NaN,NaN,NaN,NaN,2660.999306875,3271.775313333333,2422,16421100,12350910,64.50289727018554
1671494400,3176,3228,3101,3143,3041.9000000000024,3148.152247035026,2935.6477529649787,3254.404494070049,2829.3955059299556,3360.656741105073,2723.143258894932,NaN,NaN,NaN,NaN,NaN,2660.999306875,3218.66435625,2422,18586600,12892230,64.57203594002681
1671580800,3143,3220,3143,3175,3062.1250000000023,3152.0325740691083,2972.2174259308963,3241.9401481382147,2882.30985186179,3331.8477222073207,2792.402277792684,NaN,NaN,NaN,NaN,NaN,2660.999306875,3218.66435625,2422,11960400,13086235,66.80044558287523
1671667200,3210,3239,3172,3229,3076.675000000002,3168.8361733594716,2984.5138266405324,3260.997346718941,2892.352653281063,3353.15852007841,2800.191479921594,NaN,NaN,NaN,NaN,NaN,2660.999306875,3218.66435625,2422,11203900,12379585,70.20612869654212
1671753600,3201,3205,3140,3169,3087.750000000002,3176.985152826643,2998.5148471733605,3266.2203056532844,2909.279694346719,3355.4554584799257,2820.044541520078,NaN,NaN,NaN,NaN,NaN,2660.999306875,3218.66435625,2422,11860000,12454575,62.530624380752144
1672012800,3191,3215,3152,3170,3099.5250000000024,3183.1206749777907,3015.929325022214,3266.716349955579,2932.3336500444257,3350.3120249333674,2848.7379750666373,NaN,NaN,NaN,NaN,NaN,3192.1088777083332,3696.66297,2740.6657425,7626300,12213905,62.604006525822626
1672099200,3193,3214,3158,3197,3113.0250000000024,3189.1355240751345,3036.91447592487,3265.2460481502667,2960.803951849738,3341.356572225399,2884.693427774606,NaN,NaN,NaN,NaN,NaN,3192.1088777083332,3696.66297,2740.6657425,9651200,12216710,64.618819387588
1672185600,3204,3230,3145,3164,3119.3750000000023,3194.164182874203,3044.5858171258014,3268.9533657484044,2969.7966342516,3343.742548622605,2895.0074513773993,NaN,NaN,NaN,NaN,NaN,3192.1088777083332,3696.66297,2740.6657425,10339200,11593715,60.339762182124716
1672272000,3150,3150,3057,3086,3119.825000000002,3194.384586070417,3045.2654139295873,3268.9441721408316,2970.7058278591726,3343.5037582112463,2896.146241788758,NaN,NaN,NaN,NaN,NaN,3192.1088777083332,3696.66297,2740.6657425,11940100,11341920,51.636000073096106
1672358400,3118,3140,3097,3110,3123.2750000000024,3195.672423123981,3050.877576876024,3268.0698462479595,2978.480153752045,3340.4672693719385,2906.082730628066,NaN,NaN,NaN,NaN,NaN,3192.1088777083332,3696.66297,2740.6657425,8471000,11100680,53.842224124025776
1672790400,3012,3014,2902.5,2907.5,3118.4000000000024,3201.1412533141197,3035.658746685885,3283.8825066282366,2952.917493371768,3366.623759942354,2870.176240057651,NaN,NaN,NaN,NaN,NaN,3192.1088777083332,3696.66297,2793.776699583333,19638900,11524235,38.064457790613396
1672876800,2923,2939.5,2857.5,2877.5,3111.775000000002,3207.254510236458,3016.295489763546,3302.734020472914,2920.81597952709,3398.21353070937,2825.336469290634,NaN,NaN,NaN,NaN,NaN,3192.1088777083332,3696.66297,2793.776699583333,16767900,11902150,36.364339488891225
1672963200,2880,2974.5,2877.5,2969.5,3110.675000000002,3207.6488721253963,3013.7011278746077,3304.6227442507907,2916.7272557492133,3401.596616376185,2819.753383623819,NaN,NaN,NaN,NaN,NaN,3192.1088777083332,3696.66297,2793.776699583333,14019100,12208215,44.54439413765287
1673308800,2970,3039,2911.5,3039,3110.875000000002,3207.696598184459,3014.0534018155445,3304.518196368917,2917.2318036310867,3401.3397945533743,2820.4102054466293,NaN,NaN,NaN,NaN,NaN,3192.1088777083332,3696.66297,2793.776699583333,10222800,12243330,49.79472486127114
1673395200,3018,3088,3012,3073,3112.4750000000017,3208.3888252547245,3016.561174745279,3304.3026505094476,2920.647349490556,3400.2164757641704,2824.733524235833,NaN,NaN,NaN,NaN,NaN,3192.1088777083332,3696.66297,2793.776699583333,7673700,12230710,52.17995340204663
1673481600,3052,3078,3005,3050,3111.175000000002,3207.7483238269883,3014.6016761730157,3304.3216476539747,2918.0283523460294,3400.894971480961,2821.455028519043,NaN,NaN,NaN,NaN,NaN,3192.1088777083332,3696.66297,2793.776699583333,8521000,12141745,50.43436904956857
1673568000,3010,3073,3008,3056,3106.8250000000016,3203.8252931696315,3009.8247068303717,3300.825586339262,2912.8244136607414,3397.825879508892,2815.8241204911114,NaN,NaN,NaN,NaN,NaN,3192.1088777083332,3696.66297,2793.776699583333,7785200,11912750,50.89586018016839
1673827200,3018,3034,2987,3000,3098.625000000002,3197.3617554408856,2999.888244559118,3296.0985108817695,2901.151489118234,3394.8352663226538,2802.41473367735,NaN,NaN,NaN,NaN,NaN,3192.1088777083332,3696.66297,2793.776699583333,8838400,11855250,46.54039776399263
1673913600,3046,3072,3035,3069,3092.025000000002,3188.0730966755323,2995.9769033244716,3284.1211933510626,2899.928806648941,3380.169290026593,2803.880709973411,NaN,NaN,NaN,NaN,NaN,3192.1088777083332,3696.66297,2793.776699583333,6943400,11591985,51.99185358858603
1674000000,3068,3168,3044,3106,3086.625000000002,3178.6138410351673,2994.6361589648363,3270.6026820703323,2902.6473179296713,3362.591523105498,2810.658476894506,NaN,NaN,NaN,NaN,NaN,3192.1088777083332,3696.66297,2793.776699583333,11444200,11495720,54.661717673980384
1674086400,3090,3124,3076,3114,3085.225000000002,3176.5712471861375,2993.878752813867,3267.917494372273,2902.5325056277316,3359.263741558408,2811.1862584415962,NaN,NaN,NaN,NaN,NaN,3192.1088777083332,3696.66297,2793.776699583333,6462000,10997765,55.24131250566022
1674172800,3128,3182,3125,3180,3087.0750000000016,3179.9347430267526,2994.2152569732507,3272.794486053503,2901.3555139465,3365.654229080254,2808.4957709197492,NaN,NaN,NaN,NaN,NaN,3192.1088777083332,3696.66297,2793.776699583333,10050600,10570965,59.80645544813205
1674432000,3188,3209,3165,3198,3088.2250000000017,3182.3009633221636,2994.14903667784,3276.376926644326,2900.0730733556775,3370.452889966488,2805.9971100335156,NaN,NaN,NaN,NaN,NaN,3192.1088777083332,3696.66297,2793.776699583333,7719200,10358905,60.97549105091705
1674518400,3210,3223,3165,3174,3085.4750000000017,3176.1376266716097,2994.8123733283937,3266.8002533432177,2904.1497466567857,3357.4628800148257,2813.4871199851777,NaN,NaN,NaN,NaN,NaN,3192.1088777083332,3696.66297,2793.776699583333,9626400,10280030,58.53104137010809
1674604800,3199,3249,3191,3242,3089.125000000002,3184.42752816685,2993.8224718331535,3279.7300563336985,2898.519943666305,3375.032584500547,2803.217415499457,NaN,NaN,NaN,NaN,NaN,3192.1088777083332,3696.66297,2793.776699583333,11654400,10269750,63.05078096007736
1674691200,3156,3179,3110,3165,3088.875000000002,3183.9713820289357,2993.778617971068,3279.067764057869,2898.6822359421344,3374.164146086803,2803.5858539132005,NaN,NaN,NaN,NaN,NaN,3192.1088777083332,3696.66297,2793.776699583333,13537500,10565310,55.65384357334717
1674777600,3065,3077,2990,3040,3081.025000000002,3173.310355690899,2988.7396443091047,3265.595711381796,2896.454288618208,3357.881067072693,2804.168932927311,NaN,NaN,NaN,NaN,NaN,3192.1088777083332,3696.66297,2793.776699583333,22551400,11210320,46.18193370069565
1675036800,3005,3062,3002,3034,3074.525000000002,3165.3030913821995,2983.7469086178044,3256.0811827643975,2892.9688172356064,3346.859274146595,2802.190725853409,NaN,NaN,NaN,NaN,NaN,3192.1088777083332,3696.66297,2793.776699583333,10029500,11194835,45.77918295604728
1675123200,3059,3092,3006,3075,3073.975000000002,3164.715216414726,2983.2347835852784,3255.45543282945,2892.4945671705545,3346.1956492441736,2801.7543507558307,NaN,NaN,NaN,NaN,NaN,3192.1088777083332,3696.66297,2793.776699583333,13271300,11261395,49.04907632039355
1675209600,3100,3175,3089,3175,3077.225000000002,3170.3305147399496,2984.1194852600547,3263.4360294798967,2891.0139705201077,3356.541544219844,2797.9084557801602,NaN,NaN,NaN,NaN,NaN,3192.1088777083332,3696.66297,2793.776699583333,13990400,11537365,56.01630506502601
1675296000,3200,3222,3159,3165,3090.100000000002,3176.4004345295643,3003.79956547044,3262.700869059127,2917.4991309408774,3349.0013035886896,2831.198696411315,NaN,NaN,NaN,NaN,NaN,3192.1088777083332,3696.66297,2846.8876566666668,11013400,11106090,55.20336552627845
1675382400,3190,3225,3065,3104,3101.425000000002,3172.623538432999,3030.226461567005,3243.8220768659958,2959.0279231340082,3315.0206152989927,2887.8293847010113,NaN,NaN,NaN,NaN,NaN,3192.1088777083332,3696.66297,2846.8876566666668,21212400,11328315,50.39855373744301
1675641600,3140,3197,3134,3172,3111.550000000002,3177.470766834073,3045.629233165931,3243.391533668144,2979.70846633186,3309.312300502215,2913.787699497789,NaN,NaN,NaN,NaN,NaN,3192.1088777083332,3696.66297,2846.8876566666668,13298500,11292285,55.091084743101135
1675728000,3184,3249,3181,3194,3119.300000000002,3185.3470286991915,3053.2529713008125,3251.3940573983814,2987.2059426016226,3317.441086097571,2921.158913902433,NaN,NaN,NaN,NaN,NaN,3192.1088777083332,3696.66297,2846.8876566666668,14368700,11499580,56.52412884398879
1675814400,3206,3211,3168,3182,3124.7500000000023,3191.2472743801595,3058.252725619845,3257.7445487603172,2991.7554512396873,3324.2418231404745,2925.25817685953,NaN,NaN,NaN,NaN,NaN,3192.1088777083332,3696.66297,2846.8876566666668,6597000,11445745,55.484115512427685
1675900800,3182,3212,3182,3210,3132.7500000000023,3199.3974868242767,3066.102513175728,3266.0449736485507,2999.455026351454,3332.6924604728247,2932.80753952718,NaN,NaN,NaN,NaN,NaN,3192.1088777083332,3696.66297,2846.8876566666668,7394800,11389435,57.45133334497587
1675987200,3215,3233,3193,3201,3140.0000000000023,3205.7852567068953,3074.214743293109,3271.5705134137884,3008.429486586216,3337.355770120681,2942.6442298793236,NaN,NaN,NaN,NaN,NaN,3192.1088777083332,3696.66297,2899.99861375,6493600,11324855,56.58574059240749
1676246400,3226,3269,3217,3269,3153.450000000002,3216.68644123441,3090.2135587655944,3279.9228824688175,3026.9771175311867,3343.1593237032253,2963.740676296779,NaN,NaN,NaN,NaN,NaN,3192.1088777083332,3696.66297,2899.99861375,11525300,11459200,61.32679316991533
1676332800,3285,3298,3245,3277,3163.850000000002,3229.4040044542785,3098.295995545726,3294.958008908555,3032.7419910914496,3360.512013362831,2967.1879866371733,NaN,NaN,NaN,NaN,NaN,3192.1088777083332,3696.66297,2899.99861375,8656600,11544860,61.85457039185184
1676419200,3273,3299,3260,3298,3173.4500000000016,3243.7183961678047,3103.1816038321986,3313.986792335608,3032.9132076643955,3384.2551885034104,2962.644811496593,NaN,NaN,NaN,NaN,NaN,3192.1088777083332,3696.66297,2899.99861375,6488600,11297080,63.2715294187552
1676505600,3300,3340,3300,3340,3184.7500000000023,3262.339867250751,3107.1601327492535,3339.9297345014998,3029.570265498505,3417.519601752249,2951.9803982477556,NaN,NaN,NaN,NaN,NaN,3192.1088777083332,3696.66297,2899.99861375,8972600,11422610,65.99238584394485
1676592000,3330,3356,3279,3355,3193.5000000000023,3279.4752871468845,3107.52471285312,3365.4505742937663,3021.5494257062383,3451.4258614406485,2935.574138559356,NaN,NaN,NaN,NaN,NaN,3192.1088777083332,3696.66297,2899.99861375,11643300,11502245,66.9345021051648
1676851200,3359,3372,3328,3329,3200.050000000002,3290.9667063855322,3109.1332936144718,3381.8834127710625,3018.2165872289415,3472.8001191565927,2927.2998808434113,NaN,NaN,NaN,NaN,NaN,3192.1088777083332,3696.66297,2899.99861375,8300300,11531300,63.643348667498465
1676937600,3335,3371,3330,3358,3209.2500000000023,3306.1761961493958,3112.323803850609,3403.1023922987893,3015.3976077012153,3500.0285884481827,2918.471411551822,NaN,NaN,NaN,NaN,NaN,3192.1088777083332,3696.66297,2899.99861375,8212900,11460625,65.6708911203967
1677024000,3350,3453,3345,3451,3219.700000000002,3329.9452266540043,3109.454773346,3440.1904533080065,2999.2095466919977,3550.4356799620086,2888.9643200379955,NaN,NaN,NaN,NaN,NaN,3192.1088777083332,3696.66297,2899.99861375,17276800,11741745,71.21489508057824
1677196800,3510,3595,3497,3595,3241.200000000002,3377.525566200883,3104.874433799121,3513.8511324017645,2968.5488675982397,3650.1766986026455,2832.2233013973587,NaN,NaN,NaN,NaN,NaN,3192.1088777083332,3643.552012916666,2899.99861375,23501400,12239940,77.32194015782211
1677456000,3595,3644,3570,3642,3271.300000000002,3425.2045483408224,3117.3954516591816,3579.1090966816428,2963.4909033183612,3733.0136450224636,2809.5863549775404,NaN,NaN,NaN,NaN,NaN,3192.1088777083332,3643.552012916666,2899.99861375,14001300,11812435,78.89575345324906
1677542400,3641,3724,3522,3532,3296.200000000002,3449.983159025919,3142.416840974085,3603.766318051836,2988.633681948168,3757.549477077753,2834.850522922251,NaN,NaN,NaN,NaN,NaN,3208.625,3669.75,2910.25,29632700,12792595,67.15018507567576
1677628800,3500,3517,3375,3473,3316.100000000002,3465.665002590816,3166.5349974091882,3615.23000518163,3016.9699948183743,3764.795007772444,2867.4049922275603,NaN,NaN,NaN,NaN,NaN,3208.625,3669.75,2910.25,25414800,13399770,61.83296662692789
1677715200,3532,3538,3437,3490,3331.850000000002,3482.3100528379227,3181.3899471620816,3632.770105675843,3030.9298943241615,3783.2301585137634,2880.469841486241,NaN,NaN,NaN,NaN,NaN,3208.625,3615.5,2910.25,14133400,13406920,62.74827054665708
1677801600,3512,3528,3457,3506,3348.9000000000024,3498.806604257417,3198.993395742588,3648.713208514831,3049.0867914851738,3798.6198127722455,2899.1801872277592,NaN,NaN,NaN,NaN,NaN,3208.625,3615.5,2910.25,11264900,13419495,63.632263760020365
1678060800,3520,3599,3501,3580,3372.700000000003,3519.591490563563,3225.808509436443,3666.4829811271234,3078.9170188728826,3813.3744716906835,2932.0255283093225,NaN,NaN,NaN,NaN,NaN,3208.625,3615.5,2910.25,13952200,13056485,67.47639011448607
1678147200,3563,3572,3504,3560,3392.100000000003,3536.8093293467464,3247.39067065326,3681.5186586934897,3102.6813413065165,3826.227988040233,2957.972011959773,NaN,NaN,NaN,NaN,NaN,3208.625,3615.5,2910.25,12469800,13015050,65.46240479634949
1678233600,3535,3577,3513,3571,3410.950000000003,3553.1595197234888,3268.7404802765172,3695.3690394469745,3126.5309605530315,3837.5785591704603,2984.3214408295457,NaN,NaN,NaN,NaN,NaN,3208.625,3615.5,2910.25,12028900,12898060,66.06237988245692
1678320000,3591,3635,3583,3634,3433.550000000003,3573.4765789619173,3293.6234210380885,3713.4031579238317,3153.696842076174,3853.329736885746,3013.7702631142597,NaN,NaN,NaN,NaN,NaN,3208.625,3615.5,2910.25,12817200,13209070,69.3467370521368
1678406400,3620,3669,3381,3395,3442.800000000003,3573.4501435130665,3312.1498564869394,3704.10028702613,3181.499712973876,3834.750430539194,3050.849569460812,NaN,NaN,NaN,NaN,NaN,3208.625,3615.5,2910.25,44369400,15057800,49.697503855625484
1678665600,3325,3444,3301,3394,3452.450000000003,3571.496409017598,3333.403590982408,3690.542818035193,3214.357181964813,3809.589227052788,3095.310772947218,NaN,NaN,NaN,NaN,NaN,3208.625,3669.75,2964.5,21318000,15799020,49.634133404071704